[2026-04-21 15:04:43] local.ERROR: SQLSTATE[42S02]: Base table or view not found: 1146 Table 'contactapp.sessions' doesn't exist (Connection: mysql, Host: 127.0.0.1, Port: 3306, Database: contactapp, SQL: select * from `sessions` where `id` = kGxhyBVAzkhjF6IFxtcuj10FCZvuZPc3mhyuJQk8 limit 1) {"exception":"[object] (Illuminate\\Database\\QueryException(code: 42S02): SQLSTATE[42S02]: Base table or view not found: 1146 Table 'contactapp.sessions' doesn't exist (Connection: mysql, Host: 127.0.0.1, Port: 3306, Database: contactapp, SQL: select * from `sessions` where `id` = kGxhyBVAzkhjF6IFxtcuj10FCZvuZPc3mhyuJQk8 limit 1) at C:/Users/romyl/Downloads/GitUp/09-laravel-beyond-contact-app-romylambrechts/contactapp/vendor/laravel/framework/src/Illuminate/Database/Connection.php:841)
[stacktrace]
#0 C:/Users/romyl/Downloads/GitUp/09-laravel-beyond-contact-app-romylambrechts/contactapp/vendor/laravel/framework/src/Illuminate/Database/Connection.php(797): Illuminate/Database/Connection->runQueryCallback('select * from `...', Array, Object(Closure))
#1 C:/Users/romyl/Downloads/GitUp/09-laravel-beyond-contact-app-romylambrechts/contactapp/vendor/laravel/framework/src/Illuminate/Database/Connection.php(412): Illuminate/Database/Connection->run('select * from `...', Array, Object(Closure))
#2 C:/Users/romyl/Downloads/GitUp/09-laravel-beyond-contact-app-romylambrechts/contactapp/vendor/laravel/framework/src/Illuminate/Database/Query/Builder.php(3562): Illuminate/Database/Connection->select('select * from `...', Array, false, Array)
#3 C:/Users/romyl/Downloads/GitUp/09-laravel-beyond-contact-app-romylambrechts/contactapp/vendor/laravel/framework/src/Illuminate/Database/Query/Builder.php(3546): Illuminate/Database/Query/Builder->runSelect()
#4 C:/Users/romyl/Downloads/GitUp/09-laravel-beyond-contact-app-romylambrechts/contactapp/vendor/laravel/framework/src/Illuminate/Database/Concerns/BuildsQueries.php(367): Illuminate/Database/Query/Builder->get(Array)
#5 C:/Users/romyl/Downloads/GitUp/09-laravel-beyond-contact-app-romylambrechts/contactapp/vendor/laravel/framework/src/Illuminate/Database/Query/Builder.php(3464): Illuminate/Database/Query/Builder->first(Array)
#6 C:/Users/romyl/Downloads/GitUp/09-laravel-beyond-contact-app-romylambrechts/contactapp/vendor/laravel/framework/src/Illuminate/Session/DatabaseSessionHandler.php(96): Illuminate/Database/Query/Builder->find('kGxhyBVAzkhjF6I...')
#7 C:/Users/romyl/Downloads/GitUp/09-laravel-beyond-contact-app-romylambrechts/contactapp/vendor/laravel/framework/src/Illuminate/Session/Store.php(128): Illuminate/Session/DatabaseSessionHandler->read('kGxhyBVAzkhjF6I...')
#8 C:/Users/romyl/Downloads/GitUp/09-laravel-beyond-contact-app-romylambrechts/contactapp/vendor/laravel/framework/src/Illuminate/Session/Store.php(116): Illuminate/Session/Store->readFromHandler()
#9 C:/Users/romyl/Downloads/GitUp/09-laravel-beyond-contact-app-romylambrechts/contactapp/vendor/laravel/framework/src/Illuminate/Session/Store.php(100): Illuminate/Session/Store->loadSession()
#10 C:/Users/romyl/Downloads/GitUp/09-laravel-beyond-contact-app-romylambrechts/contactapp/vendor/laravel/framework/src/Illuminate/Session/Middleware/StartSession.php(146): Illuminate/Session/Store->start()
#11 C:/Users/romyl/Downloads/GitUp/09-laravel-beyond-contact-app-romylambrechts/contactapp/vendor/laravel/framework/src/Illuminate/Support/helpers.php(393): Illuminate/Session/Middleware/StartSession->{closure:Illuminate/Session/Middleware/StartSession::startSession():143}(Object(Illuminate/Session/Store))
#12 C:/Users/romyl/Downloads/GitUp/09-laravel-beyond-contact-app-romylambrechts/contactapp/vendor/laravel/framework/src/Illuminate/Session/Middleware/StartSession.php(143): tap(Object(Illuminate/Session/Store), Object(Closure))
#13 C:/Users/romyl/Downloads/GitUp/09-laravel-beyond-contact-app-romylambrechts/contactapp/vendor/laravel/framework/src/Illuminate/Session/Middleware/StartSession.php(115): Illuminate/Session/Middleware/StartSession->startSession(Object(Illuminate/Http/Request), Object(Illuminate/Session/Store))
#14 C:/Users/romyl/Downloads/GitUp/09-laravel-beyond-contact-app-romylambrechts/contactapp/vendor/laravel/framework/src/Illuminate/Session/Middleware/StartSession.php(63): Illuminate/Session/Middleware/StartSession->handleStatefulRequest(Object(Illuminate/Http/Request), Object(Illuminate/Session/Store), Object(Closure))
#15 C:/Users/romyl/Downloads/GitUp/09-laravel-beyond-contact-app-romylambrechts/contactapp/vendor/laravel/framework/src/Illuminate/Pipeline/Pipeline.php(219): Illuminate/Session/Middleware/StartSession->handle(Object(Illuminate/Http/Request), Object(Closure))
#16 C:/Users/romyl/Downloads/GitUp/09-laravel-beyond-contact-app-romylambrechts/contactapp/vendor/laravel/framework/src/Illuminate/Cookie/Middleware/AddQueuedCookiesToResponse.php(36): Illuminate/Pipeline/Pipeline->{closure:{closure:Illuminate/Pipeline/Pipeline::carry():194}:195}(Object(Illuminate/Http/Request))
#17 C:/Users/romyl/Downloads/GitUp/09-laravel-beyond-contact-app-romylambrechts/contactapp/vendor/laravel/framework/src/Illuminate/Pipeline/Pipeline.php(219): Illuminate/Cookie/Middleware/AddQueuedCookiesToResponse->handle(Object(Illuminate/Http/Request), Object(Closure))
#18 C:/Users/romyl/Downloads/GitUp/09-laravel-beyond-contact-app-romylambrechts/contactapp/vendor/laravel/framework/src/Illuminate/Cookie/Middleware/EncryptCookies.php(74): Illuminate/Pipeline/Pipeline->{closure:{closure:Illuminate/Pipeline/Pipeline::carry():194}:195}(Object(Illuminate/Http/Request))
#19 C:/Users/romyl/Downloads/GitUp/09-laravel-beyond-contact-app-romylambrechts/contactapp/vendor/laravel/framework/src/Illuminate/Pipeline/Pipeline.php(219): Illuminate/Cookie/Middleware/EncryptCookies->handle(Object(Illuminate/Http/Request), Object(Closure))
#20 C:/Users/romyl/Downloads/GitUp/09-laravel-beyond-contact-app-romylambrechts/contactapp/vendor/laravel/framework/src/Illuminate/Pipeline/Pipeline.php(137): Illuminate/Pipeline/Pipeline->{closure:{closure:Illuminate/Pipeline/Pipeline::carry():194}:195}(Object(Illuminate/Http/Request))
#21 C:/Users/romyl/Downloads/GitUp/09-laravel-beyond-contact-app-romylambrechts/contactapp/vendor/laravel/framework/src/Illuminate/Routing/Router.php(821): Illuminate/Pipeline/Pipeline->then(Object(Closure))
#22 C:/Users/romyl/Downloads/GitUp/09-laravel-beyond-contact-app-romylambrechts/contactapp/vendor/laravel/framework/src/Illuminate/Routing/Router.php(800): Illuminate/Routing/Router->runRouteWithinStack(Object(Illuminate/Routing/Route), Object(Illuminate/Http/Request))
#23 C:/Users/romyl/Downloads/GitUp/09-laravel-beyond-contact-app-romylambrechts/contactapp/vendor/laravel/framework/src/Illuminate/Routing/Router.php(764): Illuminate/Routing/Router->runRoute(Object(Illuminate/Http/Request), Object(Illuminate/Routing/Route))
#24 C:/Users/romyl/Downloads/GitUp/09-laravel-beyond-contact-app-romylambrechts/contactapp/vendor/laravel/framework/src/Illuminate/Routing/Router.php(753): Illuminate/Routing/Router->dispatchToRoute(Object(Illuminate/Http/Request))
#25 C:/Users/romyl/Downloads/GitUp/09-laravel-beyond-contact-app-romylambrechts/contactapp/vendor/laravel/framework/src/Illuminate/Foundation/Http/Kernel.php(200): Illuminate/Routing/Router->dispatch(Object(Illuminate/Http/Request))
#26 C:/Users/romyl/Downloads/GitUp/09-laravel-beyond-contact-app-romylambrechts/contactapp/vendor/laravel/framework/src/Illuminate/Pipeline/Pipeline.php(180): Illuminate/Foundation/Http/Kernel->{closure:Illuminate/Foundation/Http/Kernel::dispatchToRouter():197}(Object(Illuminate/Http/Request))
#27 C:/Users/romyl/Downloads/GitUp/09-laravel-beyond-contact-app-romylambrechts/contactapp/vendor/laravel/framework/src/Illuminate/Foundation/Http/Middleware/TransformsRequest.php(21): Illuminate/Pipeline/Pipeline->{closure:Illuminate/Pipeline/Pipeline::prepareDestination():178}(Object(Illuminate/Http/Request))
#28 C:/Users/romyl/Downloads/GitUp/09-laravel-beyond-contact-app-romylambrechts/contactapp/vendor/laravel/framework/src/Illuminate/Foundation/Http/Middleware/ConvertEmptyStringsToNull.php(31): Illuminate/Foundation/Http/Middleware/TransformsRequest->handle(Object(Illuminate/Http/Request), Object(Closure))
#29 C:/Users/romyl/Downloads/GitUp/09-laravel-beyond-contact-app-romylambrechts/contactapp/vendor/laravel/framework/src/Illuminate/Pipeline/Pipeline.php(219): Illuminate/Foundation/Http/Middleware/ConvertEmptyStringsToNull->handle(Object(Illuminate/Http/Request), Object(Closure))
#30 C:/Users/romyl/Downloads/GitUp/09-laravel-beyond-contact-app-romylambrechts/contactapp/vendor/laravel/framework/src/Illuminate/Foundation/Http/Middleware/TransformsRequest.php(21): Illuminate/Pipeline/Pipeline->{closure:{closure:Illuminate/Pipeline/Pipeline::carry():194}:195}(Object(Illuminate/Http/Request))
#31 C:/Users/romyl/Downloads/GitUp/09-laravel-beyond-contact-app-romylambrechts/contactapp/vendor/laravel/framework/src/Illuminate/Foundation/Http/Middleware/TrimStrings.php(51): Illuminate/Foundation/Http/Middleware/TransformsRequest->handle(Object(Illuminate/Http/Request), Object(Closure))
#32 C:/Users/romyl/Downloads/GitUp/09-laravel-beyond-contact-app-romylambrechts/contactapp/vendor/laravel/framework/src/Illuminate/Pipeline/Pipeline.php(219): Illuminate/Foundation/Http/Middleware/TrimStrings->handle(Object(Illuminate/Http/Request), Object(Closure))
#33 C:/Users/romyl/Downloads/GitUp/09-laravel-beyond-contact-app-romylambrechts/contactapp/vendor/laravel/framework/src/Illuminate/Http/Middleware/ValidatePostSize.php(27): Illuminate/Pipeline/Pipeline->{closure:{closure:Illuminate/Pipeline/Pipeline::carry():194}:195}(Object(Illuminate/Http/Request))
#34 C:/Users/romyl/Downloads/GitUp/09-laravel-beyond-contact-app-romylambrechts/contactapp/vendor/laravel/framework/src/Illuminate/Pipeline/Pipeline.php(219): Illuminate/Http/Middleware/ValidatePostSize->handle(Object(Illuminate/Http/Request), Object(Closure))
#35 C:/Users/romyl/Downloads/GitUp/09-laravel-beyond-contact-app-romylambrechts/contactapp/vendor/laravel/framework/src/Illuminate/Foundation/Http/Middleware/PreventRequestsDuringMaintenance.php(109): Illuminate/Pipeline/Pipeline->{closure:{closure:Illuminate/Pipeline/Pipeline::carry():194}:195}(Object(Illuminate/Http/Request))
#36 C:/Users/romyl/Downloads/GitUp/09-laravel-beyond-contact-app-romylambrechts/contactapp/vendor/laravel/framework/src/Illuminate/Pipeline/Pipeline.php(219): Illuminate/Foundation/Http/Middleware/PreventRequestsDuringMaintenance->handle(Object(Illuminate/Http/Request), Object(Closure))
#37 C:/Users/romyl/Downloads/GitUp/09-laravel-beyond-contact-app-romylambrechts/contactapp/vendor/laravel/framework/src/Illuminate/Http/Middleware/HandleCors.php(61): Illuminate/Pipeline/Pipeline->{closure:{closure:Illuminate/Pipeline/Pipeline::carry():194}:195}(Object(Illuminate/Http/Request))
#38 C:/Users/romyl/Downloads/GitUp/09-laravel-beyond-contact-app-romylambrechts/contactapp/vendor/laravel/framework/src/Illuminate/Pipeline/Pipeline.php(219): Illuminate/Http/Middleware/HandleCors->handle(Object(Illuminate/Http/Request), Object(Closure))
#39 C:/Users/romyl/Downloads/GitUp/09-laravel-beyond-contact-app-romylambrechts/contactapp/vendor/laravel/framework/src/Illuminate/Http/Middleware/TrustProxies.php(58): Illuminate/Pipeline/Pipeline->{closure:{closure:Illuminate/Pipeline/Pipeline::carry():194}:195}(Object(Illuminate/Http/Request))
#40 C:/Users/romyl/Downloads/GitUp/09-laravel-beyond-contact-app-romylambrechts/contactapp/vendor/laravel/framework/src/Illuminate/Pipeline/Pipeline.php(219): Illuminate/Http/Middleware/TrustProxies->handle(Object(Illuminate/Http/Request), Object(Closure))
#41 C:/Users/romyl/Downloads/GitUp/09-laravel-beyond-contact-app-romylambrechts/contactapp/vendor/laravel/framework/src/Illuminate/Foundation/Http/Middleware/InvokeDeferredCallbacks.php(22): Illuminate/Pipeline/Pipeline->{closure:{closure:Illuminate/Pipeline/Pipeline::carry():194}:195}(Object(Illuminate/Http/Request))
#42 C:/Users/romyl/Downloads/GitUp/09-laravel-beyond-contact-app-romylambrechts/contactapp/vendor/laravel/framework/src/Illuminate/Pipeline/Pipeline.php(219): Illuminate/Foundation/Http/Middleware/InvokeDeferredCallbacks->handle(Object(Illuminate/Http/Request), Object(Closure))
#43 C:/Users/romyl/Downloads/GitUp/09-laravel-beyond-contact-app-romylambrechts/contactapp/vendor/laravel/framework/src/Illuminate/Http/Middleware/ValidatePathEncoding.php(28): Illuminate/Pipeline/Pipeline->{closure:{closure:Illuminate/Pipeline/Pipeline::carry():194}:195}(Object(Illuminate/Http/Request))
#44 C:/Users/romyl/Downloads/GitUp/09-laravel-beyond-contact-app-romylambrechts/contactapp/vendor/laravel/framework/src/Illuminate/Pipeline/Pipeline.php(219): Illuminate/Http/Middleware/ValidatePathEncoding->handle(Object(Illuminate/Http/Request), Object(Closure))
#45 C:/Users/romyl/Downloads/GitUp/09-laravel-beyond-contact-app-romylambrechts/contactapp/vendor/laravel/framework/src/Illuminate/Pipeline/Pipeline.php(137): Illuminate/Pipeline/Pipeline->{closure:{closure:Illuminate/Pipeline/Pipeline::carry():194}:195}(Object(Illuminate/Http/Request))
#46 C:/Users/romyl/Downloads/GitUp/09-laravel-beyond-contact-app-romylambrechts/contactapp/vendor/laravel/framework/src/Illuminate/Foundation/Http/Kernel.php(175): Illuminate/Pipeline/Pipeline->then(Object(Closure))
#47 C:/Users/romyl/Downloads/GitUp/09-laravel-beyond-contact-app-romylambrechts/contactapp/vendor/laravel/framework/src/Illuminate/Foundation/Http/Kernel.php(144): Illuminate/Foundation/Http/Kernel->sendRequestThroughRouter(Object(Illuminate/Http/Request))
#48 C:/Users/romyl/Downloads/GitUp/09-laravel-beyond-contact-app-romylambrechts/contactapp/vendor/laravel/framework/src/Illuminate/Foundation/Application.php(1220): Illuminate/Foundation/Http/Kernel->handle(Object(Illuminate/Http/Request))
#49 C:/Users/romyl/Downloads/GitUp/09-laravel-beyond-contact-app-romylambrechts/contactapp/public/index.php(20): Illuminate/Foundation/Application->handleRequest(Object(Illuminate/Http/Request))
#50 C:/Program Files/Herd/resources/app.asar.unpacked/resources/valet/server.php(139): require('C://Users//romyl//...')
#51 {main}

[previous exception] [object] (PDOException(code: 42S02): SQLSTATE[42S02]: Base table or view not found: 1146 Table 'contactapp.sessions' doesn't exist at C:/Users/romyl/Downloads/GitUp/09-laravel-beyond-contact-app-romylambrechts/contactapp/vendor/laravel/framework/src/Illuminate/Database/Connection.php:421)
[stacktrace]
#0 C:/Users/romyl/Downloads/GitUp/09-laravel-beyond-contact-app-romylambrechts/contactapp/vendor/laravel/framework/src/Illuminate/Database/Connection.php(421): PDO->prepare('select * from `...')
#1 C:/Users/romyl/Downloads/GitUp/09-laravel-beyond-contact-app-romylambrechts/contactapp/vendor/laravel/framework/src/Illuminate/Database/Connection.php(830): Illuminate/Database/Connection->{closure:Illuminate/Database/Connection::select():412}('select * from `...', Array)
#2 C:/Users/romyl/Downloads/GitUp/09-laravel-beyond-contact-app-romylambrechts/contactapp/vendor/laravel/framework/src/Illuminate/Database/Connection.php(797): Illuminate/Database/Connection->runQueryCallback('select * from `...', Array, Object(Closure))
#3 C:/Users/romyl/Downloads/GitUp/09-laravel-beyond-contact-app-romylambrechts/contactapp/vendor/laravel/framework/src/Illuminate/Database/Connection.php(412): Illuminate/Database/Connection->run('select * from `...', Array, Object(Closure))
#4 C:/Users/romyl/Downloads/GitUp/09-laravel-beyond-contact-app-romylambrechts/contactapp/vendor/laravel/framework/src/Illuminate/Database/Query/Builder.php(3562): Illuminate/Database/Connection->select('select * from `...', Array, false, Array)
#5 C:/Users/romyl/Downloads/GitUp/09-laravel-beyond-contact-app-romylambrechts/contactapp/vendor/laravel/framework/src/Illuminate/Database/Query/Builder.php(3546): Illuminate/Database/Query/Builder->runSelect()
#6 C:/Users/romyl/Downloads/GitUp/09-laravel-beyond-contact-app-romylambrechts/contactapp/vendor/laravel/framework/src/Illuminate/Database/Concerns/BuildsQueries.php(367): Illuminate/Database/Query/Builder->get(Array)
#7 C:/Users/romyl/Downloads/GitUp/09-laravel-beyond-contact-app-romylambrechts/contactapp/vendor/laravel/framework/src/Illuminate/Database/Query/Builder.php(3464): Illuminate/Database/Query/Builder->first(Array)
#8 C:/Users/romyl/Downloads/GitUp/09-laravel-beyond-contact-app-romylambrechts/contactapp/vendor/laravel/framework/src/Illuminate/Session/DatabaseSessionHandler.php(96): Illuminate/Database/Query/Builder->find('kGxhyBVAzkhjF6I...')
#9 C:/Users/romyl/Downloads/GitUp/09-laravel-beyond-contact-app-romylambrechts/contactapp/vendor/laravel/framework/src/Illuminate/Session/Store.php(128): Illuminate/Session/DatabaseSessionHandler->read('kGxhyBVAzkhjF6I...')
#10 C:/Users/romyl/Downloads/GitUp/09-laravel-beyond-contact-app-romylambrechts/contactapp/vendor/laravel/framework/src/Illuminate/Session/Store.php(116): Illuminate/Session/Store->readFromHandler()
#11 C:/Users/romyl/Downloads/GitUp/09-laravel-beyond-contact-app-romylambrechts/contactapp/vendor/laravel/framework/src/Illuminate/Session/Store.php(100): Illuminate/Session/Store->loadSession()
#12 C:/Users/romyl/Downloads/GitUp/09-laravel-beyond-contact-app-romylambrechts/contactapp/vendor/laravel/framework/src/Illuminate/Session/Middleware/StartSession.php(146): Illuminate/Session/Store->start()
#13 C:/Users/romyl/Downloads/GitUp/09-laravel-beyond-contact-app-romylambrechts/contactapp/vendor/laravel/framework/src/Illuminate/Support/helpers.php(393): Illuminate/Session/Middleware/StartSession->{closure:Illuminate/Session/Middleware/StartSession::startSession():143}(Object(Illuminate/Session/Store))
#14 C:/Users/romyl/Downloads/GitUp/09-laravel-beyond-contact-app-romylambrechts/contactapp/vendor/laravel/framework/src/Illuminate/Session/Middleware/StartSession.php(143): tap(Object(Illuminate/Session/Store), Object(Closure))
#15 C:/Users/romyl/Downloads/GitUp/09-laravel-beyond-contact-app-romylambrechts/contactapp/vendor/laravel/framework/src/Illuminate/Session/Middleware/StartSession.php(115): Illuminate/Session/Middleware/StartSession->startSession(Object(Illuminate/Http/Request), Object(Illuminate/Session/Store))
#16 C:/Users/romyl/Downloads/GitUp/09-laravel-beyond-contact-app-romylambrechts/contactapp/vendor/laravel/framework/src/Illuminate/Session/Middleware/StartSession.php(63): Illuminate/Session/Middleware/StartSession->handleStatefulRequest(Object(Illuminate/Http/Request), Object(Illuminate/Session/Store), Object(Closure))
#17 C:/Users/romyl/Downloads/GitUp/09-laravel-beyond-contact-app-romylambrechts/contactapp/vendor/laravel/framework/src/Illuminate/Pipeline/Pipeline.php(219): Illuminate/Session/Middleware/StartSession->handle(Object(Illuminate/Http/Request), Object(Closure))
#18 C:/Users/romyl/Downloads/GitUp/09-laravel-beyond-contact-app-romylambrechts/contactapp/vendor/laravel/framework/src/Illuminate/Cookie/Middleware/AddQueuedCookiesToResponse.php(36): Illuminate/Pipeline/Pipeline->{closure:{closure:Illuminate/Pipeline/Pipeline::carry():194}:195}(Object(Illuminate/Http/Request))
#19 C:/Users/romyl/Downloads/GitUp/09-laravel-beyond-contact-app-romylambrechts/contactapp/vendor/laravel/framework/src/Illuminate/Pipeline/Pipeline.php(219): Illuminate/Cookie/Middleware/AddQueuedCookiesToResponse->handle(Object(Illuminate/Http/Request), Object(Closure))
#20 C:/Users/romyl/Downloads/GitUp/09-laravel-beyond-contact-app-romylambrechts/contactapp/vendor/laravel/framework/src/Illuminate/Cookie/Middleware/EncryptCookies.php(74): Illuminate/Pipeline/Pipeline->{closure:{closure:Illuminate/Pipeline/Pipeline::carry():194}:195}(Object(Illuminate/Http/Request))
#21 C:/Users/romyl/Downloads/GitUp/09-laravel-beyond-contact-app-romylambrechts/contactapp/vendor/laravel/framework/src/Illuminate/Pipeline/Pipeline.php(219): Illuminate/Cookie/Middleware/EncryptCookies->handle(Object(Illuminate/Http/Request), Object(Closure))
#22 C:/Users/romyl/Downloads/GitUp/09-laravel-beyond-contact-app-romylambrechts/contactapp/vendor/laravel/framework/src/Illuminate/Pipeline/Pipeline.php(137): Illuminate/Pipeline/Pipeline->{closure:{closure:Illuminate/Pipeline/Pipeline::carry():194}:195}(Object(Illuminate/Http/Request))
#23 C:/Users/romyl/Downloads/GitUp/09-laravel-beyond-contact-app-romylambrechts/contactapp/vendor/laravel/framework/src/Illuminate/Routing/Router.php(821): Illuminate/Pipeline/Pipeline->then(Object(Closure))
#24 C:/Users/romyl/Downloads/GitUp/09-laravel-beyond-contact-app-romylambrechts/contactapp/vendor/laravel/framework/src/Illuminate/Routing/Router.php(800): Illuminate/Routing/Router->runRouteWithinStack(Object(Illuminate/Routing/Route), Object(Illuminate/Http/Request))
#25 C:/Users/romyl/Downloads/GitUp/09-laravel-beyond-contact-app-romylambrechts/contactapp/vendor/laravel/framework/src/Illuminate/Routing/Router.php(764): Illuminate/Routing/Router->runRoute(Object(Illuminate/Http/Request), Object(Illuminate/Routing/Route))
#26 C:/Users/romyl/Downloads/GitUp/09-laravel-beyond-contact-app-romylambrechts/contactapp/vendor/laravel/framework/src/Illuminate/Routing/Router.php(753): Illuminate/Routing/Router->dispatchToRoute(Object(Illuminate/Http/Request))
#27 C:/Users/romyl/Downloads/GitUp/09-laravel-beyond-contact-app-romylambrechts/contactapp/vendor/laravel/framework/src/Illuminate/Foundation/Http/Kernel.php(200): Illuminate/Routing/Router->dispatch(Object(Illuminate/Http/Request))
#28 C:/Users/romyl/Downloads/GitUp/09-laravel-beyond-contact-app-romylambrechts/contactapp/vendor/laravel/framework/src/Illuminate/Pipeline/Pipeline.php(180): Illuminate/Foundation/Http/Kernel->{closure:Illuminate/Foundation/Http/Kernel::dispatchToRouter():197}(Object(Illuminate/Http/Request))
#29 C:/Users/romyl/Downloads/GitUp/09-laravel-beyond-contact-app-romylambrechts/contactapp/vendor/laravel/framework/src/Illuminate/Foundation/Http/Middleware/TransformsRequest.php(21): Illuminate/Pipeline/Pipeline->{closure:Illuminate/Pipeline/Pipeline::prepareDestination():178}(Object(Illuminate/Http/Request))
#30 C:/Users/romyl/Downloads/GitUp/09-laravel-beyond-contact-app-romylambrechts/contactapp/vendor/laravel/framework/src/Illuminate/Foundation/Http/Middleware/ConvertEmptyStringsToNull.php(31): Illuminate/Foundation/Http/Middleware/TransformsRequest->handle(Object(Illuminate/Http/Request), Object(Closure))
#31 C:/Users/romyl/Downloads/GitUp/09-laravel-beyond-contact-app-romylambrechts/contactapp/vendor/laravel/framework/src/Illuminate/Pipeline/Pipeline.php(219): Illuminate/Foundation/Http/Middleware/ConvertEmptyStringsToNull->handle(Object(Illuminate/Http/Request), Object(Closure))
#32 C:/Users/romyl/Downloads/GitUp/09-laravel-beyond-contact-app-romylambrechts/contactapp/vendor/laravel/framework/src/Illuminate/Foundation/Http/Middleware/TransformsRequest.php(21): Illuminate/Pipeline/Pipeline->{closure:{closure:Illuminate/Pipeline/Pipeline::carry():194}:195}(Object(Illuminate/Http/Request))
#33 C:/Users/romyl/Downloads/GitUp/09-laravel-beyond-contact-app-romylambrechts/contactapp/vendor/laravel/framework/src/Illuminate/Foundation/Http/Middleware/TrimStrings.php(51): Illuminate/Foundation/Http/Middleware/TransformsRequest->handle(Object(Illuminate/Http/Request), Object(Closure))
#34 C:/Users/romyl/Downloads/GitUp/09-laravel-beyond-contact-app-romylambrechts/contactapp/vendor/laravel/framework/src/Illuminate/Pipeline/Pipeline.php(219): Illuminate/Foundation/Http/Middleware/TrimStrings->handle(Object(Illuminate/Http/Request), Object(Closure))
#35 C:/Users/romyl/Downloads/GitUp/09-laravel-beyond-contact-app-romylambrechts/contactapp/vendor/laravel/framework/src/Illuminate/Http/Middleware/ValidatePostSize.php(27): Illuminate/Pipeline/Pipeline->{closure:{closure:Illuminate/Pipeline/Pipeline::carry():194}:195}(Object(Illuminate/Http/Request))
#36 C:/Users/romyl/Downloads/GitUp/09-laravel-beyond-contact-app-romylambrechts/contactapp/vendor/laravel/framework/src/Illuminate/Pipeline/Pipeline.php(219): Illuminate/Http/Middleware/ValidatePostSize->handle(Object(Illuminate/Http/Request), Object(Closure))
#37 C:/Users/romyl/Downloads/GitUp/09-laravel-beyond-contact-app-romylambrechts/contactapp/vendor/laravel/framework/src/Illuminate/Foundation/Http/Middleware/PreventRequestsDuringMaintenance.php(109): Illuminate/Pipeline/Pipeline->{closure:{closure:Illuminate/Pipeline/Pipeline::carry():194}:195}(Object(Illuminate/Http/Request))
#38 C:/Users/romyl/Downloads/GitUp/09-laravel-beyond-contact-app-romylambrechts/contactapp/vendor/laravel/framework/src/Illuminate/Pipeline/Pipeline.php(219): Illuminate/Foundation/Http/Middleware/PreventRequestsDuringMaintenance->handle(Object(Illuminate/Http/Request), Object(Closure))
#39 C:/Users/romyl/Downloads/GitUp/09-laravel-beyond-contact-app-romylambrechts/contactapp/vendor/laravel/framework/src/Illuminate/Http/Middleware/HandleCors.php(61): Illuminate/Pipeline/Pipeline->{closure:{closure:Illuminate/Pipeline/Pipeline::carry():194}:195}(Object(Illuminate/Http/Request))
#40 C:/Users/romyl/Downloads/GitUp/09-laravel-beyond-contact-app-romylambrechts/contactapp/vendor/laravel/framework/src/Illuminate/Pipeline/Pipeline.php(219): Illuminate/Http/Middleware/HandleCors->handle(Object(Illuminate/Http/Request), Object(Closure))
#41 C:/Users/romyl/Downloads/GitUp/09-laravel-beyond-contact-app-romylambrechts/contactapp/vendor/laravel/framework/src/Illuminate/Http/Middleware/TrustProxies.php(58): Illuminate/Pipeline/Pipeline->{closure:{closure:Illuminate/Pipeline/Pipeline::carry():194}:195}(Object(Illuminate/Http/Request))
#42 C:/Users/romyl/Downloads/GitUp/09-laravel-beyond-contact-app-romylambrechts/contactapp/vendor/laravel/framework/src/Illuminate/Pipeline/Pipeline.php(219): Illuminate/Http/Middleware/TrustProxies->handle(Object(Illuminate/Http/Request), Object(Closure))
#43 C:/Users/romyl/Downloads/GitUp/09-laravel-beyond-contact-app-romylambrechts/contactapp/vendor/laravel/framework/src/Illuminate/Foundation/Http/Middleware/InvokeDeferredCallbacks.php(22): Illuminate/Pipeline/Pipeline->{closure:{closure:Illuminate/Pipeline/Pipeline::carry():194}:195}(Object(Illuminate/Http/Request))
#44 C:/Users/romyl/Downloads/GitUp/09-laravel-beyond-contact-app-romylambrechts/contactapp/vendor/laravel/framework/src/Illuminate/Pipeline/Pipeline.php(219): Illuminate/Foundation/Http/Middleware/InvokeDeferredCallbacks->handle(Object(Illuminate/Http/Request), Object(Closure))
#45 C:/Users/romyl/Downloads/GitUp/09-laravel-beyond-contact-app-romylambrechts/contactapp/vendor/laravel/framework/src/Illuminate/Http/Middleware/ValidatePathEncoding.php(28): Illuminate/Pipeline/Pipeline->{closure:{closure:Illuminate/Pipeline/Pipeline::carry():194}:195}(Object(Illuminate/Http/Request))
#46 C:/Users/romyl/Downloads/GitUp/09-laravel-beyond-contact-app-romylambrechts/contactapp/vendor/laravel/framework/src/Illuminate/Pipeline/Pipeline.php(219): Illuminate/Http/Middleware/ValidatePathEncoding->handle(Object(Illuminate/Http/Request), Object(Closure))
#47 C:/Users/romyl/Downloads/GitUp/09-laravel-beyond-contact-app-romylambrechts/contactapp/vendor/laravel/framework/src/Illuminate/Pipeline/Pipeline.php(137): Illuminate/Pipeline/Pipeline->{closure:{closure:Illuminate/Pipeline/Pipeline::carry():194}:195}(Object(Illuminate/Http/Request))
#48 C:/Users/romyl/Downloads/GitUp/09-laravel-beyond-contact-app-romylambrechts/contactapp/vendor/laravel/framework/src/Illuminate/Foundation/Http/Kernel.php(175): Illuminate/Pipeline/Pipeline->then(Object(Closure))
#49 C:/Users/romyl/Downloads/GitUp/09-laravel-beyond-contact-app-romylambrechts/contactapp/vendor/laravel/framework/src/Illuminate/Foundation/Http/Kernel.php(144): Illuminate/Foundation/Http/Kernel->sendRequestThroughRouter(Object(Illuminate/Http/Request))
#50 C:/Users/romyl/Downloads/GitUp/09-laravel-beyond-contact-app-romylambrechts/contactapp/vendor/laravel/framework/src/Illuminate/Foundation/Application.php(1220): Illuminate/Foundation/Http/Kernel->handle(Object(Illuminate/Http/Request))
#51 C:/Users/romyl/Downloads/GitUp/09-laravel-beyond-contact-app-romylambrechts/contactapp/public/index.php(20): Illuminate/Foundation/Application->handleRequest(Object(Illuminate/Http/Request))
#52 C:/Program Files/Herd/resources/app.asar.unpacked/resources/valet/server.php(139): require('C://Users//romyl//...')
#53 {main}
"} 
[2026-04-21 15:05:30] local.ERROR: SQLSTATE[42S02]: Base table or view not found: 1146 Table 'contactapp.sessions' doesn't exist (Connection: mysql, Host: 127.0.0.1, Port: 3306, Database: contactapp, SQL: select * from `sessions` where `id` = X67EnkySGwaAD830OjzcOoMRgmN9qCBu5fgyd1Pm limit 1) {"exception":"[object] (Illuminate\\Database\\QueryException(code: 42S02): SQLSTATE[42S02]: Base table or view not found: 1146 Table 'contactapp.sessions' doesn't exist (Connection: mysql, Host: 127.0.0.1, Port: 3306, Database: contactapp, SQL: select * from `sessions` where `id` = X67EnkySGwaAD830OjzcOoMRgmN9qCBu5fgyd1Pm limit 1) at C:/Users/romyl/Downloads/GitUp/09-laravel-beyond-contact-app-romylambrechts/contactapp/vendor/laravel/framework/src/Illuminate/Database/Connection.php:841)
[stacktrace]
#0 C:/Users/romyl/Downloads/GitUp/09-laravel-beyond-contact-app-romylambrechts/contactapp/vendor/laravel/framework/src/Illuminate/Database/Connection.php(797): Illuminate/Database/Connection->runQueryCallback('select * from `...', Array, Object(Closure))
#1 C:/Users/romyl/Downloads/GitUp/09-laravel-beyond-contact-app-romylambrechts/contactapp/vendor/laravel/framework/src/Illuminate/Database/Connection.php(412): Illuminate/Database/Connection->run('select * from `...', Array, Object(Closure))
#2 C:/Users/romyl/Downloads/GitUp/09-laravel-beyond-contact-app-romylambrechts/contactapp/vendor/laravel/framework/src/Illuminate/Database/Query/Builder.php(3562): Illuminate/Database/Connection->select('select * from `...', Array, false, Array)
#3 C:/Users/romyl/Downloads/GitUp/09-laravel-beyond-contact-app-romylambrechts/contactapp/vendor/laravel/framework/src/Illuminate/Database/Query/Builder.php(3546): Illuminate/Database/Query/Builder->runSelect()
#4 C:/Users/romyl/Downloads/GitUp/09-laravel-beyond-contact-app-romylambrechts/contactapp/vendor/laravel/framework/src/Illuminate/Database/Concerns/BuildsQueries.php(367): Illuminate/Database/Query/Builder->get(Array)
#5 C:/Users/romyl/Downloads/GitUp/09-laravel-beyond-contact-app-romylambrechts/contactapp/vendor/laravel/framework/src/Illuminate/Database/Query/Builder.php(3464): Illuminate/Database/Query/Builder->first(Array)
#6 C:/Users/romyl/Downloads/GitUp/09-laravel-beyond-contact-app-romylambrechts/contactapp/vendor/laravel/framework/src/Illuminate/Session/DatabaseSessionHandler.php(96): Illuminate/Database/Query/Builder->find('X67EnkySGwaAD83...')
#7 C:/Users/romyl/Downloads/GitUp/09-laravel-beyond-contact-app-romylambrechts/contactapp/vendor/laravel/framework/src/Illuminate/Session/Store.php(128): Illuminate/Session/DatabaseSessionHandler->read('X67EnkySGwaAD83...')
#8 C:/Users/romyl/Downloads/GitUp/09-laravel-beyond-contact-app-romylambrechts/contactapp/vendor/laravel/framework/src/Illuminate/Session/Store.php(116): Illuminate/Session/Store->readFromHandler()
#9 C:/Users/romyl/Downloads/GitUp/09-laravel-beyond-contact-app-romylambrechts/contactapp/vendor/laravel/framework/src/Illuminate/Session/Store.php(100): Illuminate/Session/Store->loadSession()
#10 C:/Users/romyl/Downloads/GitUp/09-laravel-beyond-contact-app-romylambrechts/contactapp/vendor/laravel/framework/src/Illuminate/Session/Middleware/StartSession.php(146): Illuminate/Session/Store->start()
#11 C:/Users/romyl/Downloads/GitUp/09-laravel-beyond-contact-app-romylambrechts/contactapp/vendor/laravel/framework/src/Illuminate/Support/helpers.php(393): Illuminate/Session/Middleware/StartSession->{closure:Illuminate/Session/Middleware/StartSession::startSession():143}(Object(Illuminate/Session/Store))
#12 C:/Users/romyl/Downloads/GitUp/09-laravel-beyond-contact-app-romylambrechts/contactapp/vendor/laravel/framework/src/Illuminate/Session/Middleware/StartSession.php(143): tap(Object(Illuminate/Session/Store), Object(Closure))
#13 C:/Users/romyl/Downloads/GitUp/09-laravel-beyond-contact-app-romylambrechts/contactapp/vendor/laravel/framework/src/Illuminate/Session/Middleware/StartSession.php(115): Illuminate/Session/Middleware/StartSession->startSession(Object(Illuminate/Http/Request), Object(Illuminate/Session/Store))
#14 C:/Users/romyl/Downloads/GitUp/09-laravel-beyond-contact-app-romylambrechts/contactapp/vendor/laravel/framework/src/Illuminate/Session/Middleware/StartSession.php(63): Illuminate/Session/Middleware/StartSession->handleStatefulRequest(Object(Illuminate/Http/Request), Object(Illuminate/Session/Store), Object(Closure))
#15 C:/Users/romyl/Downloads/GitUp/09-laravel-beyond-contact-app-romylambrechts/contactapp/vendor/laravel/framework/src/Illuminate/Pipeline/Pipeline.php(219): Illuminate/Session/Middleware/StartSession->handle(Object(Illuminate/Http/Request), Object(Closure))
#16 C:/Users/romyl/Downloads/GitUp/09-laravel-beyond-contact-app-romylambrechts/contactapp/vendor/laravel/framework/src/Illuminate/Cookie/Middleware/AddQueuedCookiesToResponse.php(36): Illuminate/Pipeline/Pipeline->{closure:{closure:Illuminate/Pipeline/Pipeline::carry():194}:195}(Object(Illuminate/Http/Request))
#17 C:/Users/romyl/Downloads/GitUp/09-laravel-beyond-contact-app-romylambrechts/contactapp/vendor/laravel/framework/src/Illuminate/Pipeline/Pipeline.php(219): Illuminate/Cookie/Middleware/AddQueuedCookiesToResponse->handle(Object(Illuminate/Http/Request), Object(Closure))
#18 C:/Users/romyl/Downloads/GitUp/09-laravel-beyond-contact-app-romylambrechts/contactapp/vendor/laravel/framework/src/Illuminate/Cookie/Middleware/EncryptCookies.php(74): Illuminate/Pipeline/Pipeline->{closure:{closure:Illuminate/Pipeline/Pipeline::carry():194}:195}(Object(Illuminate/Http/Request))
#19 C:/Users/romyl/Downloads/GitUp/09-laravel-beyond-contact-app-romylambrechts/contactapp/vendor/laravel/framework/src/Illuminate/Pipeline/Pipeline.php(219): Illuminate/Cookie/Middleware/EncryptCookies->handle(Object(Illuminate/Http/Request), Object(Closure))
#20 C:/Users/romyl/Downloads/GitUp/09-laravel-beyond-contact-app-romylambrechts/contactapp/vendor/laravel/framework/src/Illuminate/Pipeline/Pipeline.php(137): Illuminate/Pipeline/Pipeline->{closure:{closure:Illuminate/Pipeline/Pipeline::carry():194}:195}(Object(Illuminate/Http/Request))
#21 C:/Users/romyl/Downloads/GitUp/09-laravel-beyond-contact-app-romylambrechts/contactapp/vendor/laravel/framework/src/Illuminate/Routing/Router.php(821): Illuminate/Pipeline/Pipeline->then(Object(Closure))
#22 C:/Users/romyl/Downloads/GitUp/09-laravel-beyond-contact-app-romylambrechts/contactapp/vendor/laravel/framework/src/Illuminate/Routing/Router.php(800): Illuminate/Routing/Router->runRouteWithinStack(Object(Illuminate/Routing/Route), Object(Illuminate/Http/Request))
#23 C:/Users/romyl/Downloads/GitUp/09-laravel-beyond-contact-app-romylambrechts/contactapp/vendor/laravel/framework/src/Illuminate/Routing/Router.php(764): Illuminate/Routing/Router->runRoute(Object(Illuminate/Http/Request), Object(Illuminate/Routing/Route))
#24 C:/Users/romyl/Downloads/GitUp/09-laravel-beyond-contact-app-romylambrechts/contactapp/vendor/laravel/framework/src/Illuminate/Routing/Router.php(753): Illuminate/Routing/Router->dispatchToRoute(Object(Illuminate/Http/Request))
#25 C:/Users/romyl/Downloads/GitUp/09-laravel-beyond-contact-app-romylambrechts/contactapp/vendor/laravel/framework/src/Illuminate/Foundation/Http/Kernel.php(200): Illuminate/Routing/Router->dispatch(Object(Illuminate/Http/Request))
#26 C:/Users/romyl/Downloads/GitUp/09-laravel-beyond-contact-app-romylambrechts/contactapp/vendor/laravel/framework/src/Illuminate/Pipeline/Pipeline.php(180): Illuminate/Foundation/Http/Kernel->{closure:Illuminate/Foundation/Http/Kernel::dispatchToRouter():197}(Object(Illuminate/Http/Request))
#27 C:/Users/romyl/Downloads/GitUp/09-laravel-beyond-contact-app-romylambrechts/contactapp/vendor/laravel/framework/src/Illuminate/Foundation/Http/Middleware/TransformsRequest.php(21): Illuminate/Pipeline/Pipeline->{closure:Illuminate/Pipeline/Pipeline::prepareDestination():178}(Object(Illuminate/Http/Request))
#28 C:/Users/romyl/Downloads/GitUp/09-laravel-beyond-contact-app-romylambrechts/contactapp/vendor/laravel/framework/src/Illuminate/Foundation/Http/Middleware/ConvertEmptyStringsToNull.php(31): Illuminate/Foundation/Http/Middleware/TransformsRequest->handle(Object(Illuminate/Http/Request), Object(Closure))
#29 C:/Users/romyl/Downloads/GitUp/09-laravel-beyond-contact-app-romylambrechts/contactapp/vendor/laravel/framework/src/Illuminate/Pipeline/Pipeline.php(219): Illuminate/Foundation/Http/Middleware/ConvertEmptyStringsToNull->handle(Object(Illuminate/Http/Request), Object(Closure))
#30 C:/Users/romyl/Downloads/GitUp/09-laravel-beyond-contact-app-romylambrechts/contactapp/vendor/laravel/framework/src/Illuminate/Foundation/Http/Middleware/TransformsRequest.php(21): Illuminate/Pipeline/Pipeline->{closure:{closure:Illuminate/Pipeline/Pipeline::carry():194}:195}(Object(Illuminate/Http/Request))
#31 C:/Users/romyl/Downloads/GitUp/09-laravel-beyond-contact-app-romylambrechts/contactapp/vendor/laravel/framework/src/Illuminate/Foundation/Http/Middleware/TrimStrings.php(51): Illuminate/Foundation/Http/Middleware/TransformsRequest->handle(Object(Illuminate/Http/Request), Object(Closure))
#32 C:/Users/romyl/Downloads/GitUp/09-laravel-beyond-contact-app-romylambrechts/contactapp/vendor/laravel/framework/src/Illuminate/Pipeline/Pipeline.php(219): Illuminate/Foundation/Http/Middleware/TrimStrings->handle(Object(Illuminate/Http/Request), Object(Closure))
#33 C:/Users/romyl/Downloads/GitUp/09-laravel-beyond-contact-app-romylambrechts/contactapp/vendor/laravel/framework/src/Illuminate/Http/Middleware/ValidatePostSize.php(27): Illuminate/Pipeline/Pipeline->{closure:{closure:Illuminate/Pipeline/Pipeline::carry():194}:195}(Object(Illuminate/Http/Request))
#34 C:/Users/romyl/Downloads/GitUp/09-laravel-beyond-contact-app-romylambrechts/contactapp/vendor/laravel/framework/src/Illuminate/Pipeline/Pipeline.php(219): Illuminate/Http/Middleware/ValidatePostSize->handle(Object(Illuminate/Http/Request), Object(Closure))
#35 C:/Users/romyl/Downloads/GitUp/09-laravel-beyond-contact-app-romylambrechts/contactapp/vendor/laravel/framework/src/Illuminate/Foundation/Http/Middleware/PreventRequestsDuringMaintenance.php(109): Illuminate/Pipeline/Pipeline->{closure:{closure:Illuminate/Pipeline/Pipeline::carry():194}:195}(Object(Illuminate/Http/Request))
#36 C:/Users/romyl/Downloads/GitUp/09-laravel-beyond-contact-app-romylambrechts/contactapp/vendor/laravel/framework/src/Illuminate/Pipeline/Pipeline.php(219): Illuminate/Foundation/Http/Middleware/PreventRequestsDuringMaintenance->handle(Object(Illuminate/Http/Request), Object(Closure))
#37 C:/Users/romyl/Downloads/GitUp/09-laravel-beyond-contact-app-romylambrechts/contactapp/vendor/laravel/framework/src/Illuminate/Http/Middleware/HandleCors.php(61): Illuminate/Pipeline/Pipeline->{closure:{closure:Illuminate/Pipeline/Pipeline::carry():194}:195}(Object(Illuminate/Http/Request))
#38 C:/Users/romyl/Downloads/GitUp/09-laravel-beyond-contact-app-romylambrechts/contactapp/vendor/laravel/framework/src/Illuminate/Pipeline/Pipeline.php(219): Illuminate/Http/Middleware/HandleCors->handle(Object(Illuminate/Http/Request), Object(Closure))
#39 C:/Users/romyl/Downloads/GitUp/09-laravel-beyond-contact-app-romylambrechts/contactapp/vendor/laravel/framework/src/Illuminate/Http/Middleware/TrustProxies.php(58): Illuminate/Pipeline/Pipeline->{closure:{closure:Illuminate/Pipeline/Pipeline::carry():194}:195}(Object(Illuminate/Http/Request))
#40 C:/Users/romyl/Downloads/GitUp/09-laravel-beyond-contact-app-romylambrechts/contactapp/vendor/laravel/framework/src/Illuminate/Pipeline/Pipeline.php(219): Illuminate/Http/Middleware/TrustProxies->handle(Object(Illuminate/Http/Request), Object(Closure))
#41 C:/Users/romyl/Downloads/GitUp/09-laravel-beyond-contact-app-romylambrechts/contactapp/vendor/laravel/framework/src/Illuminate/Foundation/Http/Middleware/InvokeDeferredCallbacks.php(22): Illuminate/Pipeline/Pipeline->{closure:{closure:Illuminate/Pipeline/Pipeline::carry():194}:195}(Object(Illuminate/Http/Request))
#42 C:/Users/romyl/Downloads/GitUp/09-laravel-beyond-contact-app-romylambrechts/contactapp/vendor/laravel/framework/src/Illuminate/Pipeline/Pipeline.php(219): Illuminate/Foundation/Http/Middleware/InvokeDeferredCallbacks->handle(Object(Illuminate/Http/Request), Object(Closure))
#43 C:/Users/romyl/Downloads/GitUp/09-laravel-beyond-contact-app-romylambrechts/contactapp/vendor/laravel/framework/src/Illuminate/Http/Middleware/ValidatePathEncoding.php(28): Illuminate/Pipeline/Pipeline->{closure:{closure:Illuminate/Pipeline/Pipeline::carry():194}:195}(Object(Illuminate/Http/Request))
#44 C:/Users/romyl/Downloads/GitUp/09-laravel-beyond-contact-app-romylambrechts/contactapp/vendor/laravel/framework/src/Illuminate/Pipeline/Pipeline.php(219): Illuminate/Http/Middleware/ValidatePathEncoding->handle(Object(Illuminate/Http/Request), Object(Closure))
#45 C:/Users/romyl/Downloads/GitUp/09-laravel-beyond-contact-app-romylambrechts/contactapp/vendor/laravel/framework/src/Illuminate/Pipeline/Pipeline.php(137): Illuminate/Pipeline/Pipeline->{closure:{closure:Illuminate/Pipeline/Pipeline::carry():194}:195}(Object(Illuminate/Http/Request))
#46 C:/Users/romyl/Downloads/GitUp/09-laravel-beyond-contact-app-romylambrechts/contactapp/vendor/laravel/framework/src/Illuminate/Foundation/Http/Kernel.php(175): Illuminate/Pipeline/Pipeline->then(Object(Closure))
#47 C:/Users/romyl/Downloads/GitUp/09-laravel-beyond-contact-app-romylambrechts/contactapp/vendor/laravel/framework/src/Illuminate/Foundation/Http/Kernel.php(144): Illuminate/Foundation/Http/Kernel->sendRequestThroughRouter(Object(Illuminate/Http/Request))
#48 C:/Users/romyl/Downloads/GitUp/09-laravel-beyond-contact-app-romylambrechts/contactapp/vendor/laravel/framework/src/Illuminate/Foundation/Application.php(1220): Illuminate/Foundation/Http/Kernel->handle(Object(Illuminate/Http/Request))
#49 C:/Users/romyl/Downloads/GitUp/09-laravel-beyond-contact-app-romylambrechts/contactapp/public/index.php(20): Illuminate/Foundation/Application->handleRequest(Object(Illuminate/Http/Request))
#50 C:/Program Files/Herd/resources/app.asar.unpacked/resources/valet/server.php(139): require('C://Users//romyl//...')
#51 {main}

[previous exception] [object] (PDOException(code: 42S02): SQLSTATE[42S02]: Base table or view not found: 1146 Table 'contactapp.sessions' doesn't exist at C:/Users/romyl/Downloads/GitUp/09-laravel-beyond-contact-app-romylambrechts/contactapp/vendor/laravel/framework/src/Illuminate/Database/Connection.php:421)
[stacktrace]
#0 C:/Users/romyl/Downloads/GitUp/09-laravel-beyond-contact-app-romylambrechts/contactapp/vendor/laravel/framework/src/Illuminate/Database/Connection.php(421): PDO->prepare('select * from `...')
#1 C:/Users/romyl/Downloads/GitUp/09-laravel-beyond-contact-app-romylambrechts/contactapp/vendor/laravel/framework/src/Illuminate/Database/Connection.php(830): Illuminate/Database/Connection->{closure:Illuminate/Database/Connection::select():412}('select * from `...', Array)
#2 C:/Users/romyl/Downloads/GitUp/09-laravel-beyond-contact-app-romylambrechts/contactapp/vendor/laravel/framework/src/Illuminate/Database/Connection.php(797): Illuminate/Database/Connection->runQueryCallback('select * from `...', Array, Object(Closure))
#3 C:/Users/romyl/Downloads/GitUp/09-laravel-beyond-contact-app-romylambrechts/contactapp/vendor/laravel/framework/src/Illuminate/Database/Connection.php(412): Illuminate/Database/Connection->run('select * from `...', Array, Object(Closure))
#4 C:/Users/romyl/Downloads/GitUp/09-laravel-beyond-contact-app-romylambrechts/contactapp/vendor/laravel/framework/src/Illuminate/Database/Query/Builder.php(3562): Illuminate/Database/Connection->select('select * from `...', Array, false, Array)
#5 C:/Users/romyl/Downloads/GitUp/09-laravel-beyond-contact-app-romylambrechts/contactapp/vendor/laravel/framework/src/Illuminate/Database/Query/Builder.php(3546): Illuminate/Database/Query/Builder->runSelect()
#6 C:/Users/romyl/Downloads/GitUp/09-laravel-beyond-contact-app-romylambrechts/contactapp/vendor/laravel/framework/src/Illuminate/Database/Concerns/BuildsQueries.php(367): Illuminate/Database/Query/Builder->get(Array)
#7 C:/Users/romyl/Downloads/GitUp/09-laravel-beyond-contact-app-romylambrechts/contactapp/vendor/laravel/framework/src/Illuminate/Database/Query/Builder.php(3464): Illuminate/Database/Query/Builder->first(Array)
#8 C:/Users/romyl/Downloads/GitUp/09-laravel-beyond-contact-app-romylambrechts/contactapp/vendor/laravel/framework/src/Illuminate/Session/DatabaseSessionHandler.php(96): Illuminate/Database/Query/Builder->find('X67EnkySGwaAD83...')
#9 C:/Users/romyl/Downloads/GitUp/09-laravel-beyond-contact-app-romylambrechts/contactapp/vendor/laravel/framework/src/Illuminate/Session/Store.php(128): Illuminate/Session/DatabaseSessionHandler->read('X67EnkySGwaAD83...')
#10 C:/Users/romyl/Downloads/GitUp/09-laravel-beyond-contact-app-romylambrechts/contactapp/vendor/laravel/framework/src/Illuminate/Session/Store.php(116): Illuminate/Session/Store->readFromHandler()
#11 C:/Users/romyl/Downloads/GitUp/09-laravel-beyond-contact-app-romylambrechts/contactapp/vendor/laravel/framework/src/Illuminate/Session/Store.php(100): Illuminate/Session/Store->loadSession()
#12 C:/Users/romyl/Downloads/GitUp/09-laravel-beyond-contact-app-romylambrechts/contactapp/vendor/laravel/framework/src/Illuminate/Session/Middleware/StartSession.php(146): Illuminate/Session/Store->start()
#13 C:/Users/romyl/Downloads/GitUp/09-laravel-beyond-contact-app-romylambrechts/contactapp/vendor/laravel/framework/src/Illuminate/Support/helpers.php(393): Illuminate/Session/Middleware/StartSession->{closure:Illuminate/Session/Middleware/StartSession::startSession():143}(Object(Illuminate/Session/Store))
#14 C:/Users/romyl/Downloads/GitUp/09-laravel-beyond-contact-app-romylambrechts/contactapp/vendor/laravel/framework/src/Illuminate/Session/Middleware/StartSession.php(143): tap(Object(Illuminate/Session/Store), Object(Closure))
#15 C:/Users/romyl/Downloads/GitUp/09-laravel-beyond-contact-app-romylambrechts/contactapp/vendor/laravel/framework/src/Illuminate/Session/Middleware/StartSession.php(115): Illuminate/Session/Middleware/StartSession->startSession(Object(Illuminate/Http/Request), Object(Illuminate/Session/Store))
#16 C:/Users/romyl/Downloads/GitUp/09-laravel-beyond-contact-app-romylambrechts/contactapp/vendor/laravel/framework/src/Illuminate/Session/Middleware/StartSession.php(63): Illuminate/Session/Middleware/StartSession->handleStatefulRequest(Object(Illuminate/Http/Request), Object(Illuminate/Session/Store), Object(Closure))
#17 C:/Users/romyl/Downloads/GitUp/09-laravel-beyond-contact-app-romylambrechts/contactapp/vendor/laravel/framework/src/Illuminate/Pipeline/Pipeline.php(219): Illuminate/Session/Middleware/StartSession->handle(Object(Illuminate/Http/Request), Object(Closure))
#18 C:/Users/romyl/Downloads/GitUp/09-laravel-beyond-contact-app-romylambrechts/contactapp/vendor/laravel/framework/src/Illuminate/Cookie/Middleware/AddQueuedCookiesToResponse.php(36): Illuminate/Pipeline/Pipeline->{closure:{closure:Illuminate/Pipeline/Pipeline::carry():194}:195}(Object(Illuminate/Http/Request))
#19 C:/Users/romyl/Downloads/GitUp/09-laravel-beyond-contact-app-romylambrechts/contactapp/vendor/laravel/framework/src/Illuminate/Pipeline/Pipeline.php(219): Illuminate/Cookie/Middleware/AddQueuedCookiesToResponse->handle(Object(Illuminate/Http/Request), Object(Closure))
#20 C:/Users/romyl/Downloads/GitUp/09-laravel-beyond-contact-app-romylambrechts/contactapp/vendor/laravel/framework/src/Illuminate/Cookie/Middleware/EncryptCookies.php(74): Illuminate/Pipeline/Pipeline->{closure:{closure:Illuminate/Pipeline/Pipeline::carry():194}:195}(Object(Illuminate/Http/Request))
#21 C:/Users/romyl/Downloads/GitUp/09-laravel-beyond-contact-app-romylambrechts/contactapp/vendor/laravel/framework/src/Illuminate/Pipeline/Pipeline.php(219): Illuminate/Cookie/Middleware/EncryptCookies->handle(Object(Illuminate/Http/Request), Object(Closure))
#22 C:/Users/romyl/Downloads/GitUp/09-laravel-beyond-contact-app-romylambrechts/contactapp/vendor/laravel/framework/src/Illuminate/Pipeline/Pipeline.php(137): Illuminate/Pipeline/Pipeline->{closure:{closure:Illuminate/Pipeline/Pipeline::carry():194}:195}(Object(Illuminate/Http/Request))
#23 C:/Users/romyl/Downloads/GitUp/09-laravel-beyond-contact-app-romylambrechts/contactapp/vendor/laravel/framework/src/Illuminate/Routing/Router.php(821): Illuminate/Pipeline/Pipeline->then(Object(Closure))
#24 C:/Users/romyl/Downloads/GitUp/09-laravel-beyond-contact-app-romylambrechts/contactapp/vendor/laravel/framework/src/Illuminate/Routing/Router.php(800): Illuminate/Routing/Router->runRouteWithinStack(Object(Illuminate/Routing/Route), Object(Illuminate/Http/Request))
#25 C:/Users/romyl/Downloads/GitUp/09-laravel-beyond-contact-app-romylambrechts/contactapp/vendor/laravel/framework/src/Illuminate/Routing/Router.php(764): Illuminate/Routing/Router->runRoute(Object(Illuminate/Http/Request), Object(Illuminate/Routing/Route))
#26 C:/Users/romyl/Downloads/GitUp/09-laravel-beyond-contact-app-romylambrechts/contactapp/vendor/laravel/framework/src/Illuminate/Routing/Router.php(753): Illuminate/Routing/Router->dispatchToRoute(Object(Illuminate/Http/Request))
#27 C:/Users/romyl/Downloads/GitUp/09-laravel-beyond-contact-app-romylambrechts/contactapp/vendor/laravel/framework/src/Illuminate/Foundation/Http/Kernel.php(200): Illuminate/Routing/Router->dispatch(Object(Illuminate/Http/Request))
#28 C:/Users/romyl/Downloads/GitUp/09-laravel-beyond-contact-app-romylambrechts/contactapp/vendor/laravel/framework/src/Illuminate/Pipeline/Pipeline.php(180): Illuminate/Foundation/Http/Kernel->{closure:Illuminate/Foundation/Http/Kernel::dispatchToRouter():197}(Object(Illuminate/Http/Request))
#29 C:/Users/romyl/Downloads/GitUp/09-laravel-beyond-contact-app-romylambrechts/contactapp/vendor/laravel/framework/src/Illuminate/Foundation/Http/Middleware/TransformsRequest.php(21): Illuminate/Pipeline/Pipeline->{closure:Illuminate/Pipeline/Pipeline::prepareDestination():178}(Object(Illuminate/Http/Request))
#30 C:/Users/romyl/Downloads/GitUp/09-laravel-beyond-contact-app-romylambrechts/contactapp/vendor/laravel/framework/src/Illuminate/Foundation/Http/Middleware/ConvertEmptyStringsToNull.php(31): Illuminate/Foundation/Http/Middleware/TransformsRequest->handle(Object(Illuminate/Http/Request), Object(Closure))
#31 C:/Users/romyl/Downloads/GitUp/09-laravel-beyond-contact-app-romylambrechts/contactapp/vendor/laravel/framework/src/Illuminate/Pipeline/Pipeline.php(219): Illuminate/Foundation/Http/Middleware/ConvertEmptyStringsToNull->handle(Object(Illuminate/Http/Request), Object(Closure))
#32 C:/Users/romyl/Downloads/GitUp/09-laravel-beyond-contact-app-romylambrechts/contactapp/vendor/laravel/framework/src/Illuminate/Foundation/Http/Middleware/TransformsRequest.php(21): Illuminate/Pipeline/Pipeline->{closure:{closure:Illuminate/Pipeline/Pipeline::carry():194}:195}(Object(Illuminate/Http/Request))
#33 C:/Users/romyl/Downloads/GitUp/09-laravel-beyond-contact-app-romylambrechts/contactapp/vendor/laravel/framework/src/Illuminate/Foundation/Http/Middleware/TrimStrings.php(51): Illuminate/Foundation/Http/Middleware/TransformsRequest->handle(Object(Illuminate/Http/Request), Object(Closure))
#34 C:/Users/romyl/Downloads/GitUp/09-laravel-beyond-contact-app-romylambrechts/contactapp/vendor/laravel/framework/src/Illuminate/Pipeline/Pipeline.php(219): Illuminate/Foundation/Http/Middleware/TrimStrings->handle(Object(Illuminate/Http/Request), Object(Closure))
#35 C:/Users/romyl/Downloads/GitUp/09-laravel-beyond-contact-app-romylambrechts/contactapp/vendor/laravel/framework/src/Illuminate/Http/Middleware/ValidatePostSize.php(27): Illuminate/Pipeline/Pipeline->{closure:{closure:Illuminate/Pipeline/Pipeline::carry():194}:195}(Object(Illuminate/Http/Request))
#36 C:/Users/romyl/Downloads/GitUp/09-laravel-beyond-contact-app-romylambrechts/contactapp/vendor/laravel/framework/src/Illuminate/Pipeline/Pipeline.php(219): Illuminate/Http/Middleware/ValidatePostSize->handle(Object(Illuminate/Http/Request), Object(Closure))
#37 C:/Users/romyl/Downloads/GitUp/09-laravel-beyond-contact-app-romylambrechts/contactapp/vendor/laravel/framework/src/Illuminate/Foundation/Http/Middleware/PreventRequestsDuringMaintenance.php(109): Illuminate/Pipeline/Pipeline->{closure:{closure:Illuminate/Pipeline/Pipeline::carry():194}:195}(Object(Illuminate/Http/Request))
#38 C:/Users/romyl/Downloads/GitUp/09-laravel-beyond-contact-app-romylambrechts/contactapp/vendor/laravel/framework/src/Illuminate/Pipeline/Pipeline.php(219): Illuminate/Foundation/Http/Middleware/PreventRequestsDuringMaintenance->handle(Object(Illuminate/Http/Request), Object(Closure))
#39 C:/Users/romyl/Downloads/GitUp/09-laravel-beyond-contact-app-romylambrechts/contactapp/vendor/laravel/framework/src/Illuminate/Http/Middleware/HandleCors.php(61): Illuminate/Pipeline/Pipeline->{closure:{closure:Illuminate/Pipeline/Pipeline::carry():194}:195}(Object(Illuminate/Http/Request))
#40 C:/Users/romyl/Downloads/GitUp/09-laravel-beyond-contact-app-romylambrechts/contactapp/vendor/laravel/framework/src/Illuminate/Pipeline/Pipeline.php(219): Illuminate/Http/Middleware/HandleCors->handle(Object(Illuminate/Http/Request), Object(Closure))
#41 C:/Users/romyl/Downloads/GitUp/09-laravel-beyond-contact-app-romylambrechts/contactapp/vendor/laravel/framework/src/Illuminate/Http/Middleware/TrustProxies.php(58): Illuminate/Pipeline/Pipeline->{closure:{closure:Illuminate/Pipeline/Pipeline::carry():194}:195}(Object(Illuminate/Http/Request))
#42 C:/Users/romyl/Downloads/GitUp/09-laravel-beyond-contact-app-romylambrechts/contactapp/vendor/laravel/framework/src/Illuminate/Pipeline/Pipeline.php(219): Illuminate/Http/Middleware/TrustProxies->handle(Object(Illuminate/Http/Request), Object(Closure))
#43 C:/Users/romyl/Downloads/GitUp/09-laravel-beyond-contact-app-romylambrechts/contactapp/vendor/laravel/framework/src/Illuminate/Foundation/Http/Middleware/InvokeDeferredCallbacks.php(22): Illuminate/Pipeline/Pipeline->{closure:{closure:Illuminate/Pipeline/Pipeline::carry():194}:195}(Object(Illuminate/Http/Request))
#44 C:/Users/romyl/Downloads/GitUp/09-laravel-beyond-contact-app-romylambrechts/contactapp/vendor/laravel/framework/src/Illuminate/Pipeline/Pipeline.php(219): Illuminate/Foundation/Http/Middleware/InvokeDeferredCallbacks->handle(Object(Illuminate/Http/Request), Object(Closure))
#45 C:/Users/romyl/Downloads/GitUp/09-laravel-beyond-contact-app-romylambrechts/contactapp/vendor/laravel/framework/src/Illuminate/Http/Middleware/ValidatePathEncoding.php(28): Illuminate/Pipeline/Pipeline->{closure:{closure:Illuminate/Pipeline/Pipeline::carry():194}:195}(Object(Illuminate/Http/Request))
#46 C:/Users/romyl/Downloads/GitUp/09-laravel-beyond-contact-app-romylambrechts/contactapp/vendor/laravel/framework/src/Illuminate/Pipeline/Pipeline.php(219): Illuminate/Http/Middleware/ValidatePathEncoding->handle(Object(Illuminate/Http/Request), Object(Closure))
#47 C:/Users/romyl/Downloads/GitUp/09-laravel-beyond-contact-app-romylambrechts/contactapp/vendor/laravel/framework/src/Illuminate/Pipeline/Pipeline.php(137): Illuminate/Pipeline/Pipeline->{closure:{closure:Illuminate/Pipeline/Pipeline::carry():194}:195}(Object(Illuminate/Http/Request))
#48 C:/Users/romyl/Downloads/GitUp/09-laravel-beyond-contact-app-romylambrechts/contactapp/vendor/laravel/framework/src/Illuminate/Foundation/Http/Kernel.php(175): Illuminate/Pipeline/Pipeline->then(Object(Closure))
#49 C:/Users/romyl/Downloads/GitUp/09-laravel-beyond-contact-app-romylambrechts/contactapp/vendor/laravel/framework/src/Illuminate/Foundation/Http/Kernel.php(144): Illuminate/Foundation/Http/Kernel->sendRequestThroughRouter(Object(Illuminate/Http/Request))
#50 C:/Users/romyl/Downloads/GitUp/09-laravel-beyond-contact-app-romylambrechts/contactapp/vendor/laravel/framework/src/Illuminate/Foundation/Application.php(1220): Illuminate/Foundation/Http/Kernel->handle(Object(Illuminate/Http/Request))
#51 C:/Users/romyl/Downloads/GitUp/09-laravel-beyond-contact-app-romylambrechts/contactapp/public/index.php(20): Illuminate/Foundation/Application->handleRequest(Object(Illuminate/Http/Request))
#52 C:/Program Files/Herd/resources/app.asar.unpacked/resources/valet/server.php(139): require('C://Users//romyl//...')
#53 {main}
"} 
[2026-04-21 15:07:37] local.ERROR: Unable to locate file in Vite manifest: resources/sass/app.scss. (View: C:\Users\romyl\Downloads\GitUp\09-laravel-beyond-contact-app-romylambrechts\contactapp\resources\views\layouts\app.blade.php) (View: C:\Users\romyl\Downloads\GitUp\09-laravel-beyond-contact-app-romylambrechts\contactapp\resources\views\layouts\app.blade.php) {"exception":"[object] (Illuminate\\View\\ViewException(code: 0): Unable to locate file in Vite manifest: resources/sass/app.scss. (View: C:\\Users\\romyl\\Downloads\\GitUp\\09-laravel-beyond-contact-app-romylambrechts\\contactapp\\resources\\views\\layouts\\app.blade.php) (View: C:\\Users\\romyl\\Downloads\\GitUp\\09-laravel-beyond-contact-app-romylambrechts\\contactapp\\resources\\views\\layouts\\app.blade.php) at C:/Users/romyl/Downloads/GitUp/09-laravel-beyond-contact-app-romylambrechts/contactapp/vendor/laravel/framework/src/Illuminate/Foundation/Vite.php:1028)
[stacktrace]
#0 C:/Users/romyl/Downloads/GitUp/09-laravel-beyond-contact-app-romylambrechts/contactapp/vendor/laravel/framework/src/Illuminate/View/Engines/PhpEngine.php(59): Illuminate/View/Engines/CompilerEngine->handleViewException(Object(Illuminate/View/ViewException), 1)
#1 C:/Users/romyl/Downloads/GitUp/09-laravel-beyond-contact-app-romylambrechts/contactapp/vendor/laravel/framework/src/Illuminate/View/Engines/CompilerEngine.php(76): Illuminate/View/Engines/PhpEngine->evaluatePath('C://Users//romyl//...', Array)
#2 C:/Users/romyl/Downloads/GitUp/09-laravel-beyond-contact-app-romylambrechts/contactapp/vendor/laravel/framework/src/Illuminate/View/View.php(208): Illuminate/View/Engines/CompilerEngine->get('C://Users//romyl//...', Array)
#3 C:/Users/romyl/Downloads/GitUp/09-laravel-beyond-contact-app-romylambrechts/contactapp/vendor/laravel/framework/src/Illuminate/View/View.php(191): Illuminate/View/View->getContents()
#4 C:/Users/romyl/Downloads/GitUp/09-laravel-beyond-contact-app-romylambrechts/contactapp/vendor/laravel/framework/src/Illuminate/View/View.php(160): Illuminate/View/View->renderContents()
#5 C:/Users/romyl/Downloads/GitUp/09-laravel-beyond-contact-app-romylambrechts/contactapp/vendor/laravel/framework/src/Illuminate/Http/Response.php(78): Illuminate/View/View->render()
#6 C:/Users/romyl/Downloads/GitUp/09-laravel-beyond-contact-app-romylambrechts/contactapp/vendor/laravel/framework/src/Illuminate/Http/Response.php(34): Illuminate/Http/Response->setContent(Object(Illuminate/View/View))
#7 C:/Users/romyl/Downloads/GitUp/09-laravel-beyond-contact-app-romylambrechts/contactapp/vendor/laravel/framework/src/Illuminate/Routing/Router.php(939): Illuminate/Http/Response->__construct(Object(Illuminate/View/View), 200, Array)
#8 C:/Users/romyl/Downloads/GitUp/09-laravel-beyond-contact-app-romylambrechts/contactapp/vendor/laravel/framework/src/Illuminate/Routing/Router.php(906): Illuminate/Routing/Router::toResponse(Object(Illuminate/Http/Request), Object(Illuminate/View/View))
#9 C:/Users/romyl/Downloads/GitUp/09-laravel-beyond-contact-app-romylambrechts/contactapp/vendor/laravel/framework/src/Illuminate/Routing/Router.php(821): Illuminate/Routing/Router->prepareResponse(Object(Illuminate/Http/Request), Object(Illuminate/View/View))
#10 C:/Users/romyl/Downloads/GitUp/09-laravel-beyond-contact-app-romylambrechts/contactapp/vendor/laravel/framework/src/Illuminate/Pipeline/Pipeline.php(180): Illuminate/Routing/Router->{closure:Illuminate/Routing/Router::runRouteWithinStack():821}(Object(Illuminate/Http/Request))
#11 C:/Users/romyl/Downloads/GitUp/09-laravel-beyond-contact-app-romylambrechts/contactapp/vendor/laravel/framework/src/Illuminate/Auth/Middleware/RedirectIfAuthenticated.php(47): Illuminate/Pipeline/Pipeline->{closure:Illuminate/Pipeline/Pipeline::prepareDestination():178}(Object(Illuminate/Http/Request))
#12 C:/Users/romyl/Downloads/GitUp/09-laravel-beyond-contact-app-romylambrechts/contactapp/vendor/laravel/framework/src/Illuminate/Pipeline/Pipeline.php(219): Illuminate/Auth/Middleware/RedirectIfAuthenticated->handle(Object(Illuminate/Http/Request), Object(Closure))
#13 C:/Users/romyl/Downloads/GitUp/09-laravel-beyond-contact-app-romylambrechts/contactapp/vendor/laravel/framework/src/Illuminate/Routing/Middleware/SubstituteBindings.php(52): Illuminate/Pipeline/Pipeline->{closure:{closure:Illuminate/Pipeline/Pipeline::carry():194}:195}(Object(Illuminate/Http/Request))
#14 C:/Users/romyl/Downloads/GitUp/09-laravel-beyond-contact-app-romylambrechts/contactapp/vendor/laravel/framework/src/Illuminate/Pipeline/Pipeline.php(219): Illuminate/Routing/Middleware/SubstituteBindings->handle(Object(Illuminate/Http/Request), Object(Closure))
#15 C:/Users/romyl/Downloads/GitUp/09-laravel-beyond-contact-app-romylambrechts/contactapp/vendor/laravel/framework/src/Illuminate/Foundation/Http/Middleware/PreventRequestForgery.php(104): Illuminate/Pipeline/Pipeline->{closure:{closure:Illuminate/Pipeline/Pipeline::carry():194}:195}(Object(Illuminate/Http/Request))
#16 C:/Users/romyl/Downloads/GitUp/09-laravel-beyond-contact-app-romylambrechts/contactapp/vendor/laravel/framework/src/Illuminate/Pipeline/Pipeline.php(219): Illuminate/Foundation/Http/Middleware/PreventRequestForgery->handle(Object(Illuminate/Http/Request), Object(Closure))
#17 C:/Users/romyl/Downloads/GitUp/09-laravel-beyond-contact-app-romylambrechts/contactapp/vendor/laravel/framework/src/Illuminate/View/Middleware/ShareErrorsFromSession.php(48): Illuminate/Pipeline/Pipeline->{closure:{closure:Illuminate/Pipeline/Pipeline::carry():194}:195}(Object(Illuminate/Http/Request))
#18 C:/Users/romyl/Downloads/GitUp/09-laravel-beyond-contact-app-romylambrechts/contactapp/vendor/laravel/framework/src/Illuminate/Pipeline/Pipeline.php(219): Illuminate/View/Middleware/ShareErrorsFromSession->handle(Object(Illuminate/Http/Request), Object(Closure))
#19 C:/Users/romyl/Downloads/GitUp/09-laravel-beyond-contact-app-romylambrechts/contactapp/vendor/laravel/framework/src/Illuminate/Session/Middleware/StartSession.php(120): Illuminate/Pipeline/Pipeline->{closure:{closure:Illuminate/Pipeline/Pipeline::carry():194}:195}(Object(Illuminate/Http/Request))
#20 C:/Users/romyl/Downloads/GitUp/09-laravel-beyond-contact-app-romylambrechts/contactapp/vendor/laravel/framework/src/Illuminate/Session/Middleware/StartSession.php(63): Illuminate/Session/Middleware/StartSession->handleStatefulRequest(Object(Illuminate/Http/Request), Object(Illuminate/Session/Store), Object(Closure))
#21 C:/Users/romyl/Downloads/GitUp/09-laravel-beyond-contact-app-romylambrechts/contactapp/vendor/laravel/framework/src/Illuminate/Pipeline/Pipeline.php(219): Illuminate/Session/Middleware/StartSession->handle(Object(Illuminate/Http/Request), Object(Closure))
#22 C:/Users/romyl/Downloads/GitUp/09-laravel-beyond-contact-app-romylambrechts/contactapp/vendor/laravel/framework/src/Illuminate/Cookie/Middleware/AddQueuedCookiesToResponse.php(36): Illuminate/Pipeline/Pipeline->{closure:{closure:Illuminate/Pipeline/Pipeline::carry():194}:195}(Object(Illuminate/Http/Request))
#23 C:/Users/romyl/Downloads/GitUp/09-laravel-beyond-contact-app-romylambrechts/contactapp/vendor/laravel/framework/src/Illuminate/Pipeline/Pipeline.php(219): Illuminate/Cookie/Middleware/AddQueuedCookiesToResponse->handle(Object(Illuminate/Http/Request), Object(Closure))
#24 C:/Users/romyl/Downloads/GitUp/09-laravel-beyond-contact-app-romylambrechts/contactapp/vendor/laravel/framework/src/Illuminate/Cookie/Middleware/EncryptCookies.php(74): Illuminate/Pipeline/Pipeline->{closure:{closure:Illuminate/Pipeline/Pipeline::carry():194}:195}(Object(Illuminate/Http/Request))
#25 C:/Users/romyl/Downloads/GitUp/09-laravel-beyond-contact-app-romylambrechts/contactapp/vendor/laravel/framework/src/Illuminate/Pipeline/Pipeline.php(219): Illuminate/Cookie/Middleware/EncryptCookies->handle(Object(Illuminate/Http/Request), Object(Closure))
#26 C:/Users/romyl/Downloads/GitUp/09-laravel-beyond-contact-app-romylambrechts/contactapp/vendor/laravel/framework/src/Illuminate/Pipeline/Pipeline.php(137): Illuminate/Pipeline/Pipeline->{closure:{closure:Illuminate/Pipeline/Pipeline::carry():194}:195}(Object(Illuminate/Http/Request))
#27 C:/Users/romyl/Downloads/GitUp/09-laravel-beyond-contact-app-romylambrechts/contactapp/vendor/laravel/framework/src/Illuminate/Routing/Router.php(821): Illuminate/Pipeline/Pipeline->then(Object(Closure))
#28 C:/Users/romyl/Downloads/GitUp/09-laravel-beyond-contact-app-romylambrechts/contactapp/vendor/laravel/framework/src/Illuminate/Routing/Router.php(800): Illuminate/Routing/Router->runRouteWithinStack(Object(Illuminate/Routing/Route), Object(Illuminate/Http/Request))
#29 C:/Users/romyl/Downloads/GitUp/09-laravel-beyond-contact-app-romylambrechts/contactapp/vendor/laravel/framework/src/Illuminate/Routing/Router.php(764): Illuminate/Routing/Router->runRoute(Object(Illuminate/Http/Request), Object(Illuminate/Routing/Route))
#30 C:/Users/romyl/Downloads/GitUp/09-laravel-beyond-contact-app-romylambrechts/contactapp/vendor/laravel/framework/src/Illuminate/Routing/Router.php(753): Illuminate/Routing/Router->dispatchToRoute(Object(Illuminate/Http/Request))
#31 C:/Users/romyl/Downloads/GitUp/09-laravel-beyond-contact-app-romylambrechts/contactapp/vendor/laravel/framework/src/Illuminate/Foundation/Http/Kernel.php(200): Illuminate/Routing/Router->dispatch(Object(Illuminate/Http/Request))
#32 C:/Users/romyl/Downloads/GitUp/09-laravel-beyond-contact-app-romylambrechts/contactapp/vendor/laravel/framework/src/Illuminate/Pipeline/Pipeline.php(180): Illuminate/Foundation/Http/Kernel->{closure:Illuminate/Foundation/Http/Kernel::dispatchToRouter():197}(Object(Illuminate/Http/Request))
#33 C:/Users/romyl/Downloads/GitUp/09-laravel-beyond-contact-app-romylambrechts/contactapp/vendor/laravel/framework/src/Illuminate/Foundation/Http/Middleware/TransformsRequest.php(21): Illuminate/Pipeline/Pipeline->{closure:Illuminate/Pipeline/Pipeline::prepareDestination():178}(Object(Illuminate/Http/Request))
#34 C:/Users/romyl/Downloads/GitUp/09-laravel-beyond-contact-app-romylambrechts/contactapp/vendor/laravel/framework/src/Illuminate/Foundation/Http/Middleware/ConvertEmptyStringsToNull.php(31): Illuminate/Foundation/Http/Middleware/TransformsRequest->handle(Object(Illuminate/Http/Request), Object(Closure))
#35 C:/Users/romyl/Downloads/GitUp/09-laravel-beyond-contact-app-romylambrechts/contactapp/vendor/laravel/framework/src/Illuminate/Pipeline/Pipeline.php(219): Illuminate/Foundation/Http/Middleware/ConvertEmptyStringsToNull->handle(Object(Illuminate/Http/Request), Object(Closure))
#36 C:/Users/romyl/Downloads/GitUp/09-laravel-beyond-contact-app-romylambrechts/contactapp/vendor/laravel/framework/src/Illuminate/Foundation/Http/Middleware/TransformsRequest.php(21): Illuminate/Pipeline/Pipeline->{closure:{closure:Illuminate/Pipeline/Pipeline::carry():194}:195}(Object(Illuminate/Http/Request))
#37 C:/Users/romyl/Downloads/GitUp/09-laravel-beyond-contact-app-romylambrechts/contactapp/vendor/laravel/framework/src/Illuminate/Foundation/Http/Middleware/TrimStrings.php(51): Illuminate/Foundation/Http/Middleware/TransformsRequest->handle(Object(Illuminate/Http/Request), Object(Closure))
#38 C:/Users/romyl/Downloads/GitUp/09-laravel-beyond-contact-app-romylambrechts/contactapp/vendor/laravel/framework/src/Illuminate/Pipeline/Pipeline.php(219): Illuminate/Foundation/Http/Middleware/TrimStrings->handle(Object(Illuminate/Http/Request), Object(Closure))
#39 C:/Users/romyl/Downloads/GitUp/09-laravel-beyond-contact-app-romylambrechts/contactapp/vendor/laravel/framework/src/Illuminate/Http/Middleware/ValidatePostSize.php(27): Illuminate/Pipeline/Pipeline->{closure:{closure:Illuminate/Pipeline/Pipeline::carry():194}:195}(Object(Illuminate/Http/Request))
#40 C:/Users/romyl/Downloads/GitUp/09-laravel-beyond-contact-app-romylambrechts/contactapp/vendor/laravel/framework/src/Illuminate/Pipeline/Pipeline.php(219): Illuminate/Http/Middleware/ValidatePostSize->handle(Object(Illuminate/Http/Request), Object(Closure))
#41 C:/Users/romyl/Downloads/GitUp/09-laravel-beyond-contact-app-romylambrechts/contactapp/vendor/laravel/framework/src/Illuminate/Foundation/Http/Middleware/PreventRequestsDuringMaintenance.php(109): Illuminate/Pipeline/Pipeline->{closure:{closure:Illuminate/Pipeline/Pipeline::carry():194}:195}(Object(Illuminate/Http/Request))
#42 C:/Users/romyl/Downloads/GitUp/09-laravel-beyond-contact-app-romylambrechts/contactapp/vendor/laravel/framework/src/Illuminate/Pipeline/Pipeline.php(219): Illuminate/Foundation/Http/Middleware/PreventRequestsDuringMaintenance->handle(Object(Illuminate/Http/Request), Object(Closure))
#43 C:/Users/romyl/Downloads/GitUp/09-laravel-beyond-contact-app-romylambrechts/contactapp/vendor/laravel/framework/src/Illuminate/Http/Middleware/HandleCors.php(61): Illuminate/Pipeline/Pipeline->{closure:{closure:Illuminate/Pipeline/Pipeline::carry():194}:195}(Object(Illuminate/Http/Request))
#44 C:/Users/romyl/Downloads/GitUp/09-laravel-beyond-contact-app-romylambrechts/contactapp/vendor/laravel/framework/src/Illuminate/Pipeline/Pipeline.php(219): Illuminate/Http/Middleware/HandleCors->handle(Object(Illuminate/Http/Request), Object(Closure))
#45 C:/Users/romyl/Downloads/GitUp/09-laravel-beyond-contact-app-romylambrechts/contactapp/vendor/laravel/framework/src/Illuminate/Http/Middleware/TrustProxies.php(58): Illuminate/Pipeline/Pipeline->{closure:{closure:Illuminate/Pipeline/Pipeline::carry():194}:195}(Object(Illuminate/Http/Request))
#46 C:/Users/romyl/Downloads/GitUp/09-laravel-beyond-contact-app-romylambrechts/contactapp/vendor/laravel/framework/src/Illuminate/Pipeline/Pipeline.php(219): Illuminate/Http/Middleware/TrustProxies->handle(Object(Illuminate/Http/Request), Object(Closure))
#47 C:/Users/romyl/Downloads/GitUp/09-laravel-beyond-contact-app-romylambrechts/contactapp/vendor/laravel/framework/src/Illuminate/Foundation/Http/Middleware/InvokeDeferredCallbacks.php(22): Illuminate/Pipeline/Pipeline->{closure:{closure:Illuminate/Pipeline/Pipeline::carry():194}:195}(Object(Illuminate/Http/Request))
#48 C:/Users/romyl/Downloads/GitUp/09-laravel-beyond-contact-app-romylambrechts/contactapp/vendor/laravel/framework/src/Illuminate/Pipeline/Pipeline.php(219): Illuminate/Foundation/Http/Middleware/InvokeDeferredCallbacks->handle(Object(Illuminate/Http/Request), Object(Closure))
#49 C:/Users/romyl/Downloads/GitUp/09-laravel-beyond-contact-app-romylambrechts/contactapp/vendor/laravel/framework/src/Illuminate/Http/Middleware/ValidatePathEncoding.php(28): Illuminate/Pipeline/Pipeline->{closure:{closure:Illuminate/Pipeline/Pipeline::carry():194}:195}(Object(Illuminate/Http/Request))
#50 C:/Users/romyl/Downloads/GitUp/09-laravel-beyond-contact-app-romylambrechts/contactapp/vendor/laravel/framework/src/Illuminate/Pipeline/Pipeline.php(219): Illuminate/Http/Middleware/ValidatePathEncoding->handle(Object(Illuminate/Http/Request), Object(Closure))
#51 C:/Users/romyl/Downloads/GitUp/09-laravel-beyond-contact-app-romylambrechts/contactapp/vendor/laravel/framework/src/Illuminate/Pipeline/Pipeline.php(137): Illuminate/Pipeline/Pipeline->{closure:{closure:Illuminate/Pipeline/Pipeline::carry():194}:195}(Object(Illuminate/Http/Request))
#52 C:/Users/romyl/Downloads/GitUp/09-laravel-beyond-contact-app-romylambrechts/contactapp/vendor/laravel/framework/src/Illuminate/Foundation/Http/Kernel.php(175): Illuminate/Pipeline/Pipeline->then(Object(Closure))
#53 C:/Users/romyl/Downloads/GitUp/09-laravel-beyond-contact-app-romylambrechts/contactapp/vendor/laravel/framework/src/Illuminate/Foundation/Http/Kernel.php(144): Illuminate/Foundation/Http/Kernel->sendRequestThroughRouter(Object(Illuminate/Http/Request))
#54 C:/Users/romyl/Downloads/GitUp/09-laravel-beyond-contact-app-romylambrechts/contactapp/vendor/laravel/framework/src/Illuminate/Foundation/Application.php(1220): Illuminate/Foundation/Http/Kernel->handle(Object(Illuminate/Http/Request))
#55 C:/Users/romyl/Downloads/GitUp/09-laravel-beyond-contact-app-romylambrechts/contactapp/public/index.php(20): Illuminate/Foundation/Application->handleRequest(Object(Illuminate/Http/Request))
#56 C:/Program Files/Herd/resources/app.asar.unpacked/resources/valet/server.php(139): require('C://Users//romyl//...')
#57 {main}

[previous exception] [object] (Illuminate\\View\\ViewException(code: 0): Unable to locate file in Vite manifest: resources/sass/app.scss. (View: C:\\Users\\romyl\\Downloads\\GitUp\\09-laravel-beyond-contact-app-romylambrechts\\contactapp\\resources\\views\\layouts\\app.blade.php) at C:/Users/romyl/Downloads/GitUp/09-laravel-beyond-contact-app-romylambrechts/contactapp/vendor/laravel/framework/src/Illuminate/Foundation/Vite.php:1028)
[stacktrace]
#0 C:/Users/romyl/Downloads/GitUp/09-laravel-beyond-contact-app-romylambrechts/contactapp/vendor/laravel/framework/src/Illuminate/View/Engines/PhpEngine.php(59): Illuminate/View/Engines/CompilerEngine->handleViewException(Object(Illuminate/Foundation/ViteException), 2)
#1 C:/Users/romyl/Downloads/GitUp/09-laravel-beyond-contact-app-romylambrechts/contactapp/vendor/laravel/framework/src/Illuminate/View/Engines/CompilerEngine.php(76): Illuminate/View/Engines/PhpEngine->evaluatePath('C://Users//romyl//...', Array)
#2 C:/Users/romyl/Downloads/GitUp/09-laravel-beyond-contact-app-romylambrechts/contactapp/vendor/laravel/framework/src/Illuminate/View/View.php(208): Illuminate/View/Engines/CompilerEngine->get('C://Users//romyl//...', Array)
#3 C:/Users/romyl/Downloads/GitUp/09-laravel-beyond-contact-app-romylambrechts/contactapp/vendor/laravel/framework/src/Illuminate/View/View.php(191): Illuminate/View/View->getContents()
#4 C:/Users/romyl/Downloads/GitUp/09-laravel-beyond-contact-app-romylambrechts/contactapp/vendor/laravel/framework/src/Illuminate/View/View.php(160): Illuminate/View/View->renderContents()
#5 C:/Users/romyl/Downloads/GitUp/09-laravel-beyond-contact-app-romylambrechts/contactapp/storage/framework/views/d3c3f9d6173fecde813732adc93c2ca2.php(104): Illuminate/View/View->render()
#6 C:/Users/romyl/Downloads/GitUp/09-laravel-beyond-contact-app-romylambrechts/contactapp/vendor/laravel/framework/src/Illuminate/Filesystem/Filesystem.php(123): require('C://Users//romyl//...')
#7 C:/Users/romyl/Downloads/GitUp/09-laravel-beyond-contact-app-romylambrechts/contactapp/vendor/laravel/framework/src/Illuminate/Filesystem/Filesystem.php(124): Illuminate/Filesystem/Filesystem::{closure:Illuminate/Filesystem/Filesystem::getRequire():120}()
#8 C:/Users/romyl/Downloads/GitUp/09-laravel-beyond-contact-app-romylambrechts/contactapp/vendor/laravel/framework/src/Illuminate/View/Engines/PhpEngine.php(57): Illuminate/Filesystem/Filesystem->getRequire('C://Users//romyl//...', Array)
#9 C:/Users/romyl/Downloads/GitUp/09-laravel-beyond-contact-app-romylambrechts/contactapp/vendor/laravel/framework/src/Illuminate/View/Engines/CompilerEngine.php(76): Illuminate/View/Engines/PhpEngine->evaluatePath('C://Users//romyl//...', Array)
#10 C:/Users/romyl/Downloads/GitUp/09-laravel-beyond-contact-app-romylambrechts/contactapp/vendor/laravel/framework/src/Illuminate/View/View.php(208): Illuminate/View/Engines/CompilerEngine->get('C://Users//romyl//...', Array)
#11 C:/Users/romyl/Downloads/GitUp/09-laravel-beyond-contact-app-romylambrechts/contactapp/vendor/laravel/framework/src/Illuminate/View/View.php(191): Illuminate/View/View->getContents()
#12 C:/Users/romyl/Downloads/GitUp/09-laravel-beyond-contact-app-romylambrechts/contactapp/vendor/laravel/framework/src/Illuminate/View/View.php(160): Illuminate/View/View->renderContents()
#13 C:/Users/romyl/Downloads/GitUp/09-laravel-beyond-contact-app-romylambrechts/contactapp/vendor/laravel/framework/src/Illuminate/Http/Response.php(78): Illuminate/View/View->render()
#14 C:/Users/romyl/Downloads/GitUp/09-laravel-beyond-contact-app-romylambrechts/contactapp/vendor/laravel/framework/src/Illuminate/Http/Response.php(34): Illuminate/Http/Response->setContent(Object(Illuminate/View/View))
#15 C:/Users/romyl/Downloads/GitUp/09-laravel-beyond-contact-app-romylambrechts/contactapp/vendor/laravel/framework/src/Illuminate/Routing/Router.php(939): Illuminate/Http/Response->__construct(Object(Illuminate/View/View), 200, Array)
#16 C:/Users/romyl/Downloads/GitUp/09-laravel-beyond-contact-app-romylambrechts/contactapp/vendor/laravel/framework/src/Illuminate/Routing/Router.php(906): Illuminate/Routing/Router::toResponse(Object(Illuminate/Http/Request), Object(Illuminate/View/View))
#17 C:/Users/romyl/Downloads/GitUp/09-laravel-beyond-contact-app-romylambrechts/contactapp/vendor/laravel/framework/src/Illuminate/Routing/Router.php(821): Illuminate/Routing/Router->prepareResponse(Object(Illuminate/Http/Request), Object(Illuminate/View/View))
#18 C:/Users/romyl/Downloads/GitUp/09-laravel-beyond-contact-app-romylambrechts/contactapp/vendor/laravel/framework/src/Illuminate/Pipeline/Pipeline.php(180): Illuminate/Routing/Router->{closure:Illuminate/Routing/Router::runRouteWithinStack():821}(Object(Illuminate/Http/Request))
#19 C:/Users/romyl/Downloads/GitUp/09-laravel-beyond-contact-app-romylambrechts/contactapp/vendor/laravel/framework/src/Illuminate/Auth/Middleware/RedirectIfAuthenticated.php(47): Illuminate/Pipeline/Pipeline->{closure:Illuminate/Pipeline/Pipeline::prepareDestination():178}(Object(Illuminate/Http/Request))
#20 C:/Users/romyl/Downloads/GitUp/09-laravel-beyond-contact-app-romylambrechts/contactapp/vendor/laravel/framework/src/Illuminate/Pipeline/Pipeline.php(219): Illuminate/Auth/Middleware/RedirectIfAuthenticated->handle(Object(Illuminate/Http/Request), Object(Closure))
#21 C:/Users/romyl/Downloads/GitUp/09-laravel-beyond-contact-app-romylambrechts/contactapp/vendor/laravel/framework/src/Illuminate/Routing/Middleware/SubstituteBindings.php(52): Illuminate/Pipeline/Pipeline->{closure:{closure:Illuminate/Pipeline/Pipeline::carry():194}:195}(Object(Illuminate/Http/Request))
#22 C:/Users/romyl/Downloads/GitUp/09-laravel-beyond-contact-app-romylambrechts/contactapp/vendor/laravel/framework/src/Illuminate/Pipeline/Pipeline.php(219): Illuminate/Routing/Middleware/SubstituteBindings->handle(Object(Illuminate/Http/Request), Object(Closure))
#23 C:/Users/romyl/Downloads/GitUp/09-laravel-beyond-contact-app-romylambrechts/contactapp/vendor/laravel/framework/src/Illuminate/Foundation/Http/Middleware/PreventRequestForgery.php(104): Illuminate/Pipeline/Pipeline->{closure:{closure:Illuminate/Pipeline/Pipeline::carry():194}:195}(Object(Illuminate/Http/Request))
#24 C:/Users/romyl/Downloads/GitUp/09-laravel-beyond-contact-app-romylambrechts/contactapp/vendor/laravel/framework/src/Illuminate/Pipeline/Pipeline.php(219): Illuminate/Foundation/Http/Middleware/PreventRequestForgery->handle(Object(Illuminate/Http/Request), Object(Closure))
#25 C:/Users/romyl/Downloads/GitUp/09-laravel-beyond-contact-app-romylambrechts/contactapp/vendor/laravel/framework/src/Illuminate/View/Middleware/ShareErrorsFromSession.php(48): Illuminate/Pipeline/Pipeline->{closure:{closure:Illuminate/Pipeline/Pipeline::carry():194}:195}(Object(Illuminate/Http/Request))
#26 C:/Users/romyl/Downloads/GitUp/09-laravel-beyond-contact-app-romylambrechts/contactapp/vendor/laravel/framework/src/Illuminate/Pipeline/Pipeline.php(219): Illuminate/View/Middleware/ShareErrorsFromSession->handle(Object(Illuminate/Http/Request), Object(Closure))
#27 C:/Users/romyl/Downloads/GitUp/09-laravel-beyond-contact-app-romylambrechts/contactapp/vendor/laravel/framework/src/Illuminate/Session/Middleware/StartSession.php(120): Illuminate/Pipeline/Pipeline->{closure:{closure:Illuminate/Pipeline/Pipeline::carry():194}:195}(Object(Illuminate/Http/Request))
#28 C:/Users/romyl/Downloads/GitUp/09-laravel-beyond-contact-app-romylambrechts/contactapp/vendor/laravel/framework/src/Illuminate/Session/Middleware/StartSession.php(63): Illuminate/Session/Middleware/StartSession->handleStatefulRequest(Object(Illuminate/Http/Request), Object(Illuminate/Session/Store), Object(Closure))
#29 C:/Users/romyl/Downloads/GitUp/09-laravel-beyond-contact-app-romylambrechts/contactapp/vendor/laravel/framework/src/Illuminate/Pipeline/Pipeline.php(219): Illuminate/Session/Middleware/StartSession->handle(Object(Illuminate/Http/Request), Object(Closure))
#30 C:/Users/romyl/Downloads/GitUp/09-laravel-beyond-contact-app-romylambrechts/contactapp/vendor/laravel/framework/src/Illuminate/Cookie/Middleware/AddQueuedCookiesToResponse.php(36): Illuminate/Pipeline/Pipeline->{closure:{closure:Illuminate/Pipeline/Pipeline::carry():194}:195}(Object(Illuminate/Http/Request))
#31 C:/Users/romyl/Downloads/GitUp/09-laravel-beyond-contact-app-romylambrechts/contactapp/vendor/laravel/framework/src/Illuminate/Pipeline/Pipeline.php(219): Illuminate/Cookie/Middleware/AddQueuedCookiesToResponse->handle(Object(Illuminate/Http/Request), Object(Closure))
#32 C:/Users/romyl/Downloads/GitUp/09-laravel-beyond-contact-app-romylambrechts/contactapp/vendor/laravel/framework/src/Illuminate/Cookie/Middleware/EncryptCookies.php(74): Illuminate/Pipeline/Pipeline->{closure:{closure:Illuminate/Pipeline/Pipeline::carry():194}:195}(Object(Illuminate/Http/Request))
#33 C:/Users/romyl/Downloads/GitUp/09-laravel-beyond-contact-app-romylambrechts/contactapp/vendor/laravel/framework/src/Illuminate/Pipeline/Pipeline.php(219): Illuminate/Cookie/Middleware/EncryptCookies->handle(Object(Illuminate/Http/Request), Object(Closure))
#34 C:/Users/romyl/Downloads/GitUp/09-laravel-beyond-contact-app-romylambrechts/contactapp/vendor/laravel/framework/src/Illuminate/Pipeline/Pipeline.php(137): Illuminate/Pipeline/Pipeline->{closure:{closure:Illuminate/Pipeline/Pipeline::carry():194}:195}(Object(Illuminate/Http/Request))
#35 C:/Users/romyl/Downloads/GitUp/09-laravel-beyond-contact-app-romylambrechts/contactapp/vendor/laravel/framework/src/Illuminate/Routing/Router.php(821): Illuminate/Pipeline/Pipeline->then(Object(Closure))
#36 C:/Users/romyl/Downloads/GitUp/09-laravel-beyond-contact-app-romylambrechts/contactapp/vendor/laravel/framework/src/Illuminate/Routing/Router.php(800): Illuminate/Routing/Router->runRouteWithinStack(Object(Illuminate/Routing/Route), Object(Illuminate/Http/Request))
#37 C:/Users/romyl/Downloads/GitUp/09-laravel-beyond-contact-app-romylambrechts/contactapp/vendor/laravel/framework/src/Illuminate/Routing/Router.php(764): Illuminate/Routing/Router->runRoute(Object(Illuminate/Http/Request), Object(Illuminate/Routing/Route))
#38 C:/Users/romyl/Downloads/GitUp/09-laravel-beyond-contact-app-romylambrechts/contactapp/vendor/laravel/framework/src/Illuminate/Routing/Router.php(753): Illuminate/Routing/Router->dispatchToRoute(Object(Illuminate/Http/Request))
#39 C:/Users/romyl/Downloads/GitUp/09-laravel-beyond-contact-app-romylambrechts/contactapp/vendor/laravel/framework/src/Illuminate/Foundation/Http/Kernel.php(200): Illuminate/Routing/Router->dispatch(Object(Illuminate/Http/Request))
#40 C:/Users/romyl/Downloads/GitUp/09-laravel-beyond-contact-app-romylambrechts/contactapp/vendor/laravel/framework/src/Illuminate/Pipeline/Pipeline.php(180): Illuminate/Foundation/Http/Kernel->{closure:Illuminate/Foundation/Http/Kernel::dispatchToRouter():197}(Object(Illuminate/Http/Request))
#41 C:/Users/romyl/Downloads/GitUp/09-laravel-beyond-contact-app-romylambrechts/contactapp/vendor/laravel/framework/src/Illuminate/Foundation/Http/Middleware/TransformsRequest.php(21): Illuminate/Pipeline/Pipeline->{closure:Illuminate/Pipeline/Pipeline::prepareDestination():178}(Object(Illuminate/Http/Request))
#42 C:/Users/romyl/Downloads/GitUp/09-laravel-beyond-contact-app-romylambrechts/contactapp/vendor/laravel/framework/src/Illuminate/Foundation/Http/Middleware/ConvertEmptyStringsToNull.php(31): Illuminate/Foundation/Http/Middleware/TransformsRequest->handle(Object(Illuminate/Http/Request), Object(Closure))
#43 C:/Users/romyl/Downloads/GitUp/09-laravel-beyond-contact-app-romylambrechts/contactapp/vendor/laravel/framework/src/Illuminate/Pipeline/Pipeline.php(219): Illuminate/Foundation/Http/Middleware/ConvertEmptyStringsToNull->handle(Object(Illuminate/Http/Request), Object(Closure))
#44 C:/Users/romyl/Downloads/GitUp/09-laravel-beyond-contact-app-romylambrechts/contactapp/vendor/laravel/framework/src/Illuminate/Foundation/Http/Middleware/TransformsRequest.php(21): Illuminate/Pipeline/Pipeline->{closure:{closure:Illuminate/Pipeline/Pipeline::carry():194}:195}(Object(Illuminate/Http/Request))
#45 C:/Users/romyl/Downloads/GitUp/09-laravel-beyond-contact-app-romylambrechts/contactapp/vendor/laravel/framework/src/Illuminate/Foundation/Http/Middleware/TrimStrings.php(51): Illuminate/Foundation/Http/Middleware/TransformsRequest->handle(Object(Illuminate/Http/Request), Object(Closure))
#46 C:/Users/romyl/Downloads/GitUp/09-laravel-beyond-contact-app-romylambrechts/contactapp/vendor/laravel/framework/src/Illuminate/Pipeline/Pipeline.php(219): Illuminate/Foundation/Http/Middleware/TrimStrings->handle(Object(Illuminate/Http/Request), Object(Closure))
#47 C:/Users/romyl/Downloads/GitUp/09-laravel-beyond-contact-app-romylambrechts/contactapp/vendor/laravel/framework/src/Illuminate/Http/Middleware/ValidatePostSize.php(27): Illuminate/Pipeline/Pipeline->{closure:{closure:Illuminate/Pipeline/Pipeline::carry():194}:195}(Object(Illuminate/Http/Request))
#48 C:/Users/romyl/Downloads/GitUp/09-laravel-beyond-contact-app-romylambrechts/contactapp/vendor/laravel/framework/src/Illuminate/Pipeline/Pipeline.php(219): Illuminate/Http/Middleware/ValidatePostSize->handle(Object(Illuminate/Http/Request), Object(Closure))
#49 C:/Users/romyl/Downloads/GitUp/09-laravel-beyond-contact-app-romylambrechts/contactapp/vendor/laravel/framework/src/Illuminate/Foundation/Http/Middleware/PreventRequestsDuringMaintenance.php(109): Illuminate/Pipeline/Pipeline->{closure:{closure:Illuminate/Pipeline/Pipeline::carry():194}:195}(Object(Illuminate/Http/Request))
#50 C:/Users/romyl/Downloads/GitUp/09-laravel-beyond-contact-app-romylambrechts/contactapp/vendor/laravel/framework/src/Illuminate/Pipeline/Pipeline.php(219): Illuminate/Foundation/Http/Middleware/PreventRequestsDuringMaintenance->handle(Object(Illuminate/Http/Request), Object(Closure))
#51 C:/Users/romyl/Downloads/GitUp/09-laravel-beyond-contact-app-romylambrechts/contactapp/vendor/laravel/framework/src/Illuminate/Http/Middleware/HandleCors.php(61): Illuminate/Pipeline/Pipeline->{closure:{closure:Illuminate/Pipeline/Pipeline::carry():194}:195}(Object(Illuminate/Http/Request))
#52 C:/Users/romyl/Downloads/GitUp/09-laravel-beyond-contact-app-romylambrechts/contactapp/vendor/laravel/framework/src/Illuminate/Pipeline/Pipeline.php(219): Illuminate/Http/Middleware/HandleCors->handle(Object(Illuminate/Http/Request), Object(Closure))
#53 C:/Users/romyl/Downloads/GitUp/09-laravel-beyond-contact-app-romylambrechts/contactapp/vendor/laravel/framework/src/Illuminate/Http/Middleware/TrustProxies.php(58): Illuminate/Pipeline/Pipeline->{closure:{closure:Illuminate/Pipeline/Pipeline::carry():194}:195}(Object(Illuminate/Http/Request))
#54 C:/Users/romyl/Downloads/GitUp/09-laravel-beyond-contact-app-romylambrechts/contactapp/vendor/laravel/framework/src/Illuminate/Pipeline/Pipeline.php(219): Illuminate/Http/Middleware/TrustProxies->handle(Object(Illuminate/Http/Request), Object(Closure))
#55 C:/Users/romyl/Downloads/GitUp/09-laravel-beyond-contact-app-romylambrechts/contactapp/vendor/laravel/framework/src/Illuminate/Foundation/Http/Middleware/InvokeDeferredCallbacks.php(22): Illuminate/Pipeline/Pipeline->{closure:{closure:Illuminate/Pipeline/Pipeline::carry():194}:195}(Object(Illuminate/Http/Request))
#56 C:/Users/romyl/Downloads/GitUp/09-laravel-beyond-contact-app-romylambrechts/contactapp/vendor/laravel/framework/src/Illuminate/Pipeline/Pipeline.php(219): Illuminate/Foundation/Http/Middleware/InvokeDeferredCallbacks->handle(Object(Illuminate/Http/Request), Object(Closure))
#57 C:/Users/romyl/Downloads/GitUp/09-laravel-beyond-contact-app-romylambrechts/contactapp/vendor/laravel/framework/src/Illuminate/Http/Middleware/ValidatePathEncoding.php(28): Illuminate/Pipeline/Pipeline->{closure:{closure:Illuminate/Pipeline/Pipeline::carry():194}:195}(Object(Illuminate/Http/Request))
#58 C:/Users/romyl/Downloads/GitUp/09-laravel-beyond-contact-app-romylambrechts/contactapp/vendor/laravel/framework/src/Illuminate/Pipeline/Pipeline.php(219): Illuminate/Http/Middleware/ValidatePathEncoding->handle(Object(Illuminate/Http/Request), Object(Closure))
#59 C:/Users/romyl/Downloads/GitUp/09-laravel-beyond-contact-app-romylambrechts/contactapp/vendor/laravel/framework/src/Illuminate/Pipeline/Pipeline.php(137): Illuminate/Pipeline/Pipeline->{closure:{closure:Illuminate/Pipeline/Pipeline::carry():194}:195}(Object(Illuminate/Http/Request))
#60 C:/Users/romyl/Downloads/GitUp/09-laravel-beyond-contact-app-romylambrechts/contactapp/vendor/laravel/framework/src/Illuminate/Foundation/Http/Kernel.php(175): Illuminate/Pipeline/Pipeline->then(Object(Closure))
#61 C:/Users/romyl/Downloads/GitUp/09-laravel-beyond-contact-app-romylambrechts/contactapp/vendor/laravel/framework/src/Illuminate/Foundation/Http/Kernel.php(144): Illuminate/Foundation/Http/Kernel->sendRequestThroughRouter(Object(Illuminate/Http/Request))
#62 C:/Users/romyl/Downloads/GitUp/09-laravel-beyond-contact-app-romylambrechts/contactapp/vendor/laravel/framework/src/Illuminate/Foundation/Application.php(1220): Illuminate/Foundation/Http/Kernel->handle(Object(Illuminate/Http/Request))
#63 C:/Users/romyl/Downloads/GitUp/09-laravel-beyond-contact-app-romylambrechts/contactapp/public/index.php(20): Illuminate/Foundation/Application->handleRequest(Object(Illuminate/Http/Request))
#64 C:/Program Files/Herd/resources/app.asar.unpacked/resources/valet/server.php(139): require('C://Users//romyl//...')
#65 {main}

[previous exception] [object] (Illuminate\\Foundation\\ViteException(code: 0): Unable to locate file in Vite manifest: resources/sass/app.scss. at C:/Users/romyl/Downloads/GitUp/09-laravel-beyond-contact-app-romylambrechts/contactapp/vendor/laravel/framework/src/Illuminate/Foundation/Vite.php:1028)
[stacktrace]
#0 C:/Users/romyl/Downloads/GitUp/09-laravel-beyond-contact-app-romylambrechts/contactapp/vendor/laravel/framework/src/Illuminate/Foundation/Vite.php(390): Illuminate/Foundation/Vite->chunk(Array, 'resources/sass/...')
#1 C:/Users/romyl/Downloads/GitUp/09-laravel-beyond-contact-app-romylambrechts/contactapp/storage/framework/views/d4987270b3ef3be62694efc00f3ecd04.php(17): Illuminate/Foundation/Vite->__invoke(Object(Illuminate/Support/Collection))
#2 C:/Users/romyl/Downloads/GitUp/09-laravel-beyond-contact-app-romylambrechts/contactapp/vendor/laravel/framework/src/Illuminate/Filesystem/Filesystem.php(123): require('C://Users//romyl//...')
#3 C:/Users/romyl/Downloads/GitUp/09-laravel-beyond-contact-app-romylambrechts/contactapp/vendor/laravel/framework/src/Illuminate/Filesystem/Filesystem.php(124): Illuminate/Filesystem/Filesystem::{closure:Illuminate/Filesystem/Filesystem::getRequire():120}()
#4 C:/Users/romyl/Downloads/GitUp/09-laravel-beyond-contact-app-romylambrechts/contactapp/vendor/laravel/framework/src/Illuminate/View/Engines/PhpEngine.php(57): Illuminate/Filesystem/Filesystem->getRequire('C://Users//romyl//...', Array)
#5 C:/Users/romyl/Downloads/GitUp/09-laravel-beyond-contact-app-romylambrechts/contactapp/vendor/laravel/framework/src/Illuminate/View/Engines/CompilerEngine.php(76): Illuminate/View/Engines/PhpEngine->evaluatePath('C://Users//romyl//...', Array)
#6 C:/Users/romyl/Downloads/GitUp/09-laravel-beyond-contact-app-romylambrechts/contactapp/vendor/laravel/framework/src/Illuminate/View/View.php(208): Illuminate/View/Engines/CompilerEngine->get('C://Users//romyl//...', Array)
#7 C:/Users/romyl/Downloads/GitUp/09-laravel-beyond-contact-app-romylambrechts/contactapp/vendor/laravel/framework/src/Illuminate/View/View.php(191): Illuminate/View/View->getContents()
#8 C:/Users/romyl/Downloads/GitUp/09-laravel-beyond-contact-app-romylambrechts/contactapp/vendor/laravel/framework/src/Illuminate/View/View.php(160): Illuminate/View/View->renderContents()
#9 C:/Users/romyl/Downloads/GitUp/09-laravel-beyond-contact-app-romylambrechts/contactapp/storage/framework/views/d3c3f9d6173fecde813732adc93c2ca2.php(104): Illuminate/View/View->render()
#10 C:/Users/romyl/Downloads/GitUp/09-laravel-beyond-contact-app-romylambrechts/contactapp/vendor/laravel/framework/src/Illuminate/Filesystem/Filesystem.php(123): require('C://Users//romyl//...')
#11 C:/Users/romyl/Downloads/GitUp/09-laravel-beyond-contact-app-romylambrechts/contactapp/vendor/laravel/framework/src/Illuminate/Filesystem/Filesystem.php(124): Illuminate/Filesystem/Filesystem::{closure:Illuminate/Filesystem/Filesystem::getRequire():120}()
#12 C:/Users/romyl/Downloads/GitUp/09-laravel-beyond-contact-app-romylambrechts/contactapp/vendor/laravel/framework/src/Illuminate/View/Engines/PhpEngine.php(57): Illuminate/Filesystem/Filesystem->getRequire('C://Users//romyl//...', Array)
#13 C:/Users/romyl/Downloads/GitUp/09-laravel-beyond-contact-app-romylambrechts/contactapp/vendor/laravel/framework/src/Illuminate/View/Engines/CompilerEngine.php(76): Illuminate/View/Engines/PhpEngine->evaluatePath('C://Users//romyl//...', Array)
#14 C:/Users/romyl/Downloads/GitUp/09-laravel-beyond-contact-app-romylambrechts/contactapp/vendor/laravel/framework/src/Illuminate/View/View.php(208): Illuminate/View/Engines/CompilerEngine->get('C://Users//romyl//...', Array)
#15 C:/Users/romyl/Downloads/GitUp/09-laravel-beyond-contact-app-romylambrechts/contactapp/vendor/laravel/framework/src/Illuminate/View/View.php(191): Illuminate/View/View->getContents()
#16 C:/Users/romyl/Downloads/GitUp/09-laravel-beyond-contact-app-romylambrechts/contactapp/vendor/laravel/framework/src/Illuminate/View/View.php(160): Illuminate/View/View->renderContents()
#17 C:/Users/romyl/Downloads/GitUp/09-laravel-beyond-contact-app-romylambrechts/contactapp/vendor/laravel/framework/src/Illuminate/Http/Response.php(78): Illuminate/View/View->render()
#18 C:/Users/romyl/Downloads/GitUp/09-laravel-beyond-contact-app-romylambrechts/contactapp/vendor/laravel/framework/src/Illuminate/Http/Response.php(34): Illuminate/Http/Response->setContent(Object(Illuminate/View/View))
#19 C:/Users/romyl/Downloads/GitUp/09-laravel-beyond-contact-app-romylambrechts/contactapp/vendor/laravel/framework/src/Illuminate/Routing/Router.php(939): Illuminate/Http/Response->__construct(Object(Illuminate/View/View), 200, Array)
#20 C:/Users/romyl/Downloads/GitUp/09-laravel-beyond-contact-app-romylambrechts/contactapp/vendor/laravel/framework/src/Illuminate/Routing/Router.php(906): Illuminate/Routing/Router::toResponse(Object(Illuminate/Http/Request), Object(Illuminate/View/View))
#21 C:/Users/romyl/Downloads/GitUp/09-laravel-beyond-contact-app-romylambrechts/contactapp/vendor/laravel/framework/src/Illuminate/Routing/Router.php(821): Illuminate/Routing/Router->prepareResponse(Object(Illuminate/Http/Request), Object(Illuminate/View/View))
#22 C:/Users/romyl/Downloads/GitUp/09-laravel-beyond-contact-app-romylambrechts/contactapp/vendor/laravel/framework/src/Illuminate/Pipeline/Pipeline.php(180): Illuminate/Routing/Router->{closure:Illuminate/Routing/Router::runRouteWithinStack():821}(Object(Illuminate/Http/Request))
#23 C:/Users/romyl/Downloads/GitUp/09-laravel-beyond-contact-app-romylambrechts/contactapp/vendor/laravel/framework/src/Illuminate/Auth/Middleware/RedirectIfAuthenticated.php(47): Illuminate/Pipeline/Pipeline->{closure:Illuminate/Pipeline/Pipeline::prepareDestination():178}(Object(Illuminate/Http/Request))
#24 C:/Users/romyl/Downloads/GitUp/09-laravel-beyond-contact-app-romylambrechts/contactapp/vendor/laravel/framework/src/Illuminate/Pipeline/Pipeline.php(219): Illuminate/Auth/Middleware/RedirectIfAuthenticated->handle(Object(Illuminate/Http/Request), Object(Closure))
#25 C:/Users/romyl/Downloads/GitUp/09-laravel-beyond-contact-app-romylambrechts/contactapp/vendor/laravel/framework/src/Illuminate/Routing/Middleware/SubstituteBindings.php(52): Illuminate/Pipeline/Pipeline->{closure:{closure:Illuminate/Pipeline/Pipeline::carry():194}:195}(Object(Illuminate/Http/Request))
#26 C:/Users/romyl/Downloads/GitUp/09-laravel-beyond-contact-app-romylambrechts/contactapp/vendor/laravel/framework/src/Illuminate/Pipeline/Pipeline.php(219): Illuminate/Routing/Middleware/SubstituteBindings->handle(Object(Illuminate/Http/Request), Object(Closure))
#27 C:/Users/romyl/Downloads/GitUp/09-laravel-beyond-contact-app-romylambrechts/contactapp/vendor/laravel/framework/src/Illuminate/Foundation/Http/Middleware/PreventRequestForgery.php(104): Illuminate/Pipeline/Pipeline->{closure:{closure:Illuminate/Pipeline/Pipeline::carry():194}:195}(Object(Illuminate/Http/Request))
#28 C:/Users/romyl/Downloads/GitUp/09-laravel-beyond-contact-app-romylambrechts/contactapp/vendor/laravel/framework/src/Illuminate/Pipeline/Pipeline.php(219): Illuminate/Foundation/Http/Middleware/PreventRequestForgery->handle(Object(Illuminate/Http/Request), Object(Closure))
#29 C:/Users/romyl/Downloads/GitUp/09-laravel-beyond-contact-app-romylambrechts/contactapp/vendor/laravel/framework/src/Illuminate/View/Middleware/ShareErrorsFromSession.php(48): Illuminate/Pipeline/Pipeline->{closure:{closure:Illuminate/Pipeline/Pipeline::carry():194}:195}(Object(Illuminate/Http/Request))
#30 C:/Users/romyl/Downloads/GitUp/09-laravel-beyond-contact-app-romylambrechts/contactapp/vendor/laravel/framework/src/Illuminate/Pipeline/Pipeline.php(219): Illuminate/View/Middleware/ShareErrorsFromSession->handle(Object(Illuminate/Http/Request), Object(Closure))
#31 C:/Users/romyl/Downloads/GitUp/09-laravel-beyond-contact-app-romylambrechts/contactapp/vendor/laravel/framework/src/Illuminate/Session/Middleware/StartSession.php(120): Illuminate/Pipeline/Pipeline->{closure:{closure:Illuminate/Pipeline/Pipeline::carry():194}:195}(Object(Illuminate/Http/Request))
#32 C:/Users/romyl/Downloads/GitUp/09-laravel-beyond-contact-app-romylambrechts/contactapp/vendor/laravel/framework/src/Illuminate/Session/Middleware/StartSession.php(63): Illuminate/Session/Middleware/StartSession->handleStatefulRequest(Object(Illuminate/Http/Request), Object(Illuminate/Session/Store), Object(Closure))
#33 C:/Users/romyl/Downloads/GitUp/09-laravel-beyond-contact-app-romylambrechts/contactapp/vendor/laravel/framework/src/Illuminate/Pipeline/Pipeline.php(219): Illuminate/Session/Middleware/StartSession->handle(Object(Illuminate/Http/Request), Object(Closure))
#34 C:/Users/romyl/Downloads/GitUp/09-laravel-beyond-contact-app-romylambrechts/contactapp/vendor/laravel/framework/src/Illuminate/Cookie/Middleware/AddQueuedCookiesToResponse.php(36): Illuminate/Pipeline/Pipeline->{closure:{closure:Illuminate/Pipeline/Pipeline::carry():194}:195}(Object(Illuminate/Http/Request))
#35 C:/Users/romyl/Downloads/GitUp/09-laravel-beyond-contact-app-romylambrechts/contactapp/vendor/laravel/framework/src/Illuminate/Pipeline/Pipeline.php(219): Illuminate/Cookie/Middleware/AddQueuedCookiesToResponse->handle(Object(Illuminate/Http/Request), Object(Closure))
#36 C:/Users/romyl/Downloads/GitUp/09-laravel-beyond-contact-app-romylambrechts/contactapp/vendor/laravel/framework/src/Illuminate/Cookie/Middleware/EncryptCookies.php(74): Illuminate/Pipeline/Pipeline->{closure:{closure:Illuminate/Pipeline/Pipeline::carry():194}:195}(Object(Illuminate/Http/Request))
#37 C:/Users/romyl/Downloads/GitUp/09-laravel-beyond-contact-app-romylambrechts/contactapp/vendor/laravel/framework/src/Illuminate/Pipeline/Pipeline.php(219): Illuminate/Cookie/Middleware/EncryptCookies->handle(Object(Illuminate/Http/Request), Object(Closure))
#38 C:/Users/romyl/Downloads/GitUp/09-laravel-beyond-contact-app-romylambrechts/contactapp/vendor/laravel/framework/src/Illuminate/Pipeline/Pipeline.php(137): Illuminate/Pipeline/Pipeline->{closure:{closure:Illuminate/Pipeline/Pipeline::carry():194}:195}(Object(Illuminate/Http/Request))
#39 C:/Users/romyl/Downloads/GitUp/09-laravel-beyond-contact-app-romylambrechts/contactapp/vendor/laravel/framework/src/Illuminate/Routing/Router.php(821): Illuminate/Pipeline/Pipeline->then(Object(Closure))
#40 C:/Users/romyl/Downloads/GitUp/09-laravel-beyond-contact-app-romylambrechts/contactapp/vendor/laravel/framework/src/Illuminate/Routing/Router.php(800): Illuminate/Routing/Router->runRouteWithinStack(Object(Illuminate/Routing/Route), Object(Illuminate/Http/Request))
#41 C:/Users/romyl/Downloads/GitUp/09-laravel-beyond-contact-app-romylambrechts/contactapp/vendor/laravel/framework/src/Illuminate/Routing/Router.php(764): Illuminate/Routing/Router->runRoute(Object(Illuminate/Http/Request), Object(Illuminate/Routing/Route))
#42 C:/Users/romyl/Downloads/GitUp/09-laravel-beyond-contact-app-romylambrechts/contactapp/vendor/laravel/framework/src/Illuminate/Routing/Router.php(753): Illuminate/Routing/Router->dispatchToRoute(Object(Illuminate/Http/Request))
#43 C:/Users/romyl/Downloads/GitUp/09-laravel-beyond-contact-app-romylambrechts/contactapp/vendor/laravel/framework/src/Illuminate/Foundation/Http/Kernel.php(200): Illuminate/Routing/Router->dispatch(Object(Illuminate/Http/Request))
#44 C:/Users/romyl/Downloads/GitUp/09-laravel-beyond-contact-app-romylambrechts/contactapp/vendor/laravel/framework/src/Illuminate/Pipeline/Pipeline.php(180): Illuminate/Foundation/Http/Kernel->{closure:Illuminate/Foundation/Http/Kernel::dispatchToRouter():197}(Object(Illuminate/Http/Request))
#45 C:/Users/romyl/Downloads/GitUp/09-laravel-beyond-contact-app-romylambrechts/contactapp/vendor/laravel/framework/src/Illuminate/Foundation/Http/Middleware/TransformsRequest.php(21): Illuminate/Pipeline/Pipeline->{closure:Illuminate/Pipeline/Pipeline::prepareDestination():178}(Object(Illuminate/Http/Request))
#46 C:/Users/romyl/Downloads/GitUp/09-laravel-beyond-contact-app-romylambrechts/contactapp/vendor/laravel/framework/src/Illuminate/Foundation/Http/Middleware/ConvertEmptyStringsToNull.php(31): Illuminate/Foundation/Http/Middleware/TransformsRequest->handle(Object(Illuminate/Http/Request), Object(Closure))
#47 C:/Users/romyl/Downloads/GitUp/09-laravel-beyond-contact-app-romylambrechts/contactapp/vendor/laravel/framework/src/Illuminate/Pipeline/Pipeline.php(219): Illuminate/Foundation/Http/Middleware/ConvertEmptyStringsToNull->handle(Object(Illuminate/Http/Request), Object(Closure))
#48 C:/Users/romyl/Downloads/GitUp/09-laravel-beyond-contact-app-romylambrechts/contactapp/vendor/laravel/framework/src/Illuminate/Foundation/Http/Middleware/TransformsRequest.php(21): Illuminate/Pipeline/Pipeline->{closure:{closure:Illuminate/Pipeline/Pipeline::carry():194}:195}(Object(Illuminate/Http/Request))
#49 C:/Users/romyl/Downloads/GitUp/09-laravel-beyond-contact-app-romylambrechts/contactapp/vendor/laravel/framework/src/Illuminate/Foundation/Http/Middleware/TrimStrings.php(51): Illuminate/Foundation/Http/Middleware/TransformsRequest->handle(Object(Illuminate/Http/Request), Object(Closure))
#50 C:/Users/romyl/Downloads/GitUp/09-laravel-beyond-contact-app-romylambrechts/contactapp/vendor/laravel/framework/src/Illuminate/Pipeline/Pipeline.php(219): Illuminate/Foundation/Http/Middleware/TrimStrings->handle(Object(Illuminate/Http/Request), Object(Closure))
#51 C:/Users/romyl/Downloads/GitUp/09-laravel-beyond-contact-app-romylambrechts/contactapp/vendor/laravel/framework/src/Illuminate/Http/Middleware/ValidatePostSize.php(27): Illuminate/Pipeline/Pipeline->{closure:{closure:Illuminate/Pipeline/Pipeline::carry():194}:195}(Object(Illuminate/Http/Request))
#52 C:/Users/romyl/Downloads/GitUp/09-laravel-beyond-contact-app-romylambrechts/contactapp/vendor/laravel/framework/src/Illuminate/Pipeline/Pipeline.php(219): Illuminate/Http/Middleware/ValidatePostSize->handle(Object(Illuminate/Http/Request), Object(Closure))
#53 C:/Users/romyl/Downloads/GitUp/09-laravel-beyond-contact-app-romylambrechts/contactapp/vendor/laravel/framework/src/Illuminate/Foundation/Http/Middleware/PreventRequestsDuringMaintenance.php(109): Illuminate/Pipeline/Pipeline->{closure:{closure:Illuminate/Pipeline/Pipeline::carry():194}:195}(Object(Illuminate/Http/Request))
#54 C:/Users/romyl/Downloads/GitUp/09-laravel-beyond-contact-app-romylambrechts/contactapp/vendor/laravel/framework/src/Illuminate/Pipeline/Pipeline.php(219): Illuminate/Foundation/Http/Middleware/PreventRequestsDuringMaintenance->handle(Object(Illuminate/Http/Request), Object(Closure))
#55 C:/Users/romyl/Downloads/GitUp/09-laravel-beyond-contact-app-romylambrechts/contactapp/vendor/laravel/framework/src/Illuminate/Http/Middleware/HandleCors.php(61): Illuminate/Pipeline/Pipeline->{closure:{closure:Illuminate/Pipeline/Pipeline::carry():194}:195}(Object(Illuminate/Http/Request))
#56 C:/Users/romyl/Downloads/GitUp/09-laravel-beyond-contact-app-romylambrechts/contactapp/vendor/laravel/framework/src/Illuminate/Pipeline/Pipeline.php(219): Illuminate/Http/Middleware/HandleCors->handle(Object(Illuminate/Http/Request), Object(Closure))
#57 C:/Users/romyl/Downloads/GitUp/09-laravel-beyond-contact-app-romylambrechts/contactapp/vendor/laravel/framework/src/Illuminate/Http/Middleware/TrustProxies.php(58): Illuminate/Pipeline/Pipeline->{closure:{closure:Illuminate/Pipeline/Pipeline::carry():194}:195}(Object(Illuminate/Http/Request))
#58 C:/Users/romyl/Downloads/GitUp/09-laravel-beyond-contact-app-romylambrechts/contactapp/vendor/laravel/framework/src/Illuminate/Pipeline/Pipeline.php(219): Illuminate/Http/Middleware/TrustProxies->handle(Object(Illuminate/Http/Request), Object(Closure))
#59 C:/Users/romyl/Downloads/GitUp/09-laravel-beyond-contact-app-romylambrechts/contactapp/vendor/laravel/framework/src/Illuminate/Foundation/Http/Middleware/InvokeDeferredCallbacks.php(22): Illuminate/Pipeline/Pipeline->{closure:{closure:Illuminate/Pipeline/Pipeline::carry():194}:195}(Object(Illuminate/Http/Request))
#60 C:/Users/romyl/Downloads/GitUp/09-laravel-beyond-contact-app-romylambrechts/contactapp/vendor/laravel/framework/src/Illuminate/Pipeline/Pipeline.php(219): Illuminate/Foundation/Http/Middleware/InvokeDeferredCallbacks->handle(Object(Illuminate/Http/Request), Object(Closure))
#61 C:/Users/romyl/Downloads/GitUp/09-laravel-beyond-contact-app-romylambrechts/contactapp/vendor/laravel/framework/src/Illuminate/Http/Middleware/ValidatePathEncoding.php(28): Illuminate/Pipeline/Pipeline->{closure:{closure:Illuminate/Pipeline/Pipeline::carry():194}:195}(Object(Illuminate/Http/Request))
#62 C:/Users/romyl/Downloads/GitUp/09-laravel-beyond-contact-app-romylambrechts/contactapp/vendor/laravel/framework/src/Illuminate/Pipeline/Pipeline.php(219): Illuminate/Http/Middleware/ValidatePathEncoding->handle(Object(Illuminate/Http/Request), Object(Closure))
#63 C:/Users/romyl/Downloads/GitUp/09-laravel-beyond-contact-app-romylambrechts/contactapp/vendor/laravel/framework/src/Illuminate/Pipeline/Pipeline.php(137): Illuminate/Pipeline/Pipeline->{closure:{closure:Illuminate/Pipeline/Pipeline::carry():194}:195}(Object(Illuminate/Http/Request))
#64 C:/Users/romyl/Downloads/GitUp/09-laravel-beyond-contact-app-romylambrechts/contactapp/vendor/laravel/framework/src/Illuminate/Foundation/Http/Kernel.php(175): Illuminate/Pipeline/Pipeline->then(Object(Closure))
#65 C:/Users/romyl/Downloads/GitUp/09-laravel-beyond-contact-app-romylambrechts/contactapp/vendor/laravel/framework/src/Illuminate/Foundation/Http/Kernel.php(144): Illuminate/Foundation/Http/Kernel->sendRequestThroughRouter(Object(Illuminate/Http/Request))
#66 C:/Users/romyl/Downloads/GitUp/09-laravel-beyond-contact-app-romylambrechts/contactapp/vendor/laravel/framework/src/Illuminate/Foundation/Application.php(1220): Illuminate/Foundation/Http/Kernel->handle(Object(Illuminate/Http/Request))
#67 C:/Users/romyl/Downloads/GitUp/09-laravel-beyond-contact-app-romylambrechts/contactapp/public/index.php(20): Illuminate/Foundation/Application->handleRequest(Object(Illuminate/Http/Request))
#68 C:/Program Files/Herd/resources/app.asar.unpacked/resources/valet/server.php(139): require('C://Users//romyl//...')
#69 {main}
"} 
[2026-04-21 15:08:58] local.ERROR: Unable to locate file in Vite manifest: resources/sass/app.scss. (View: C:\Users\romyl\Downloads\GitUp\09-laravel-beyond-contact-app-romylambrechts\contactapp\resources\views\layouts\app.blade.php) (View: C:\Users\romyl\Downloads\GitUp\09-laravel-beyond-contact-app-romylambrechts\contactapp\resources\views\layouts\app.blade.php) {"exception":"[object] (Illuminate\\View\\ViewException(code: 0): Unable to locate file in Vite manifest: resources/sass/app.scss. (View: C:\\Users\\romyl\\Downloads\\GitUp\\09-laravel-beyond-contact-app-romylambrechts\\contactapp\\resources\\views\\layouts\\app.blade.php) (View: C:\\Users\\romyl\\Downloads\\GitUp\\09-laravel-beyond-contact-app-romylambrechts\\contactapp\\resources\\views\\layouts\\app.blade.php) at C:/Users/romyl/Downloads/GitUp/09-laravel-beyond-contact-app-romylambrechts/contactapp/vendor/laravel/framework/src/Illuminate/Foundation/Vite.php:1028)
[stacktrace]
#0 C:/Users/romyl/Downloads/GitUp/09-laravel-beyond-contact-app-romylambrechts/contactapp/vendor/laravel/framework/src/Illuminate/View/Engines/PhpEngine.php(59): Illuminate/View/Engines/CompilerEngine->handleViewException(Object(Illuminate/View/ViewException), 1)
#1 C:/Users/romyl/Downloads/GitUp/09-laravel-beyond-contact-app-romylambrechts/contactapp/vendor/laravel/framework/src/Illuminate/View/Engines/CompilerEngine.php(76): Illuminate/View/Engines/PhpEngine->evaluatePath('C://Users//romyl//...', Array)
#2 C:/Users/romyl/Downloads/GitUp/09-laravel-beyond-contact-app-romylambrechts/contactapp/vendor/laravel/framework/src/Illuminate/View/View.php(208): Illuminate/View/Engines/CompilerEngine->get('C://Users//romyl//...', Array)
#3 C:/Users/romyl/Downloads/GitUp/09-laravel-beyond-contact-app-romylambrechts/contactapp/vendor/laravel/framework/src/Illuminate/View/View.php(191): Illuminate/View/View->getContents()
#4 C:/Users/romyl/Downloads/GitUp/09-laravel-beyond-contact-app-romylambrechts/contactapp/vendor/laravel/framework/src/Illuminate/View/View.php(160): Illuminate/View/View->renderContents()
#5 C:/Users/romyl/Downloads/GitUp/09-laravel-beyond-contact-app-romylambrechts/contactapp/vendor/laravel/framework/src/Illuminate/Http/Response.php(78): Illuminate/View/View->render()
#6 C:/Users/romyl/Downloads/GitUp/09-laravel-beyond-contact-app-romylambrechts/contactapp/vendor/laravel/framework/src/Illuminate/Http/Response.php(34): Illuminate/Http/Response->setContent(Object(Illuminate/View/View))
#7 C:/Users/romyl/Downloads/GitUp/09-laravel-beyond-contact-app-romylambrechts/contactapp/vendor/laravel/framework/src/Illuminate/Routing/Router.php(939): Illuminate/Http/Response->__construct(Object(Illuminate/View/View), 200, Array)
#8 C:/Users/romyl/Downloads/GitUp/09-laravel-beyond-contact-app-romylambrechts/contactapp/vendor/laravel/framework/src/Illuminate/Routing/Router.php(906): Illuminate/Routing/Router::toResponse(Object(Illuminate/Http/Request), Object(Illuminate/View/View))
#9 C:/Users/romyl/Downloads/GitUp/09-laravel-beyond-contact-app-romylambrechts/contactapp/vendor/laravel/framework/src/Illuminate/Routing/Router.php(821): Illuminate/Routing/Router->prepareResponse(Object(Illuminate/Http/Request), Object(Illuminate/View/View))
#10 C:/Users/romyl/Downloads/GitUp/09-laravel-beyond-contact-app-romylambrechts/contactapp/vendor/laravel/framework/src/Illuminate/Pipeline/Pipeline.php(180): Illuminate/Routing/Router->{closure:Illuminate/Routing/Router::runRouteWithinStack():821}(Object(Illuminate/Http/Request))
#11 C:/Users/romyl/Downloads/GitUp/09-laravel-beyond-contact-app-romylambrechts/contactapp/vendor/laravel/framework/src/Illuminate/Auth/Middleware/RedirectIfAuthenticated.php(47): Illuminate/Pipeline/Pipeline->{closure:Illuminate/Pipeline/Pipeline::prepareDestination():178}(Object(Illuminate/Http/Request))
#12 C:/Users/romyl/Downloads/GitUp/09-laravel-beyond-contact-app-romylambrechts/contactapp/vendor/laravel/framework/src/Illuminate/Pipeline/Pipeline.php(219): Illuminate/Auth/Middleware/RedirectIfAuthenticated->handle(Object(Illuminate/Http/Request), Object(Closure))
#13 C:/Users/romyl/Downloads/GitUp/09-laravel-beyond-contact-app-romylambrechts/contactapp/vendor/laravel/framework/src/Illuminate/Routing/Middleware/SubstituteBindings.php(52): Illuminate/Pipeline/Pipeline->{closure:{closure:Illuminate/Pipeline/Pipeline::carry():194}:195}(Object(Illuminate/Http/Request))
#14 C:/Users/romyl/Downloads/GitUp/09-laravel-beyond-contact-app-romylambrechts/contactapp/vendor/laravel/framework/src/Illuminate/Pipeline/Pipeline.php(219): Illuminate/Routing/Middleware/SubstituteBindings->handle(Object(Illuminate/Http/Request), Object(Closure))
#15 C:/Users/romyl/Downloads/GitUp/09-laravel-beyond-contact-app-romylambrechts/contactapp/vendor/laravel/framework/src/Illuminate/Foundation/Http/Middleware/PreventRequestForgery.php(104): Illuminate/Pipeline/Pipeline->{closure:{closure:Illuminate/Pipeline/Pipeline::carry():194}:195}(Object(Illuminate/Http/Request))
#16 C:/Users/romyl/Downloads/GitUp/09-laravel-beyond-contact-app-romylambrechts/contactapp/vendor/laravel/framework/src/Illuminate/Pipeline/Pipeline.php(219): Illuminate/Foundation/Http/Middleware/PreventRequestForgery->handle(Object(Illuminate/Http/Request), Object(Closure))
#17 C:/Users/romyl/Downloads/GitUp/09-laravel-beyond-contact-app-romylambrechts/contactapp/vendor/laravel/framework/src/Illuminate/View/Middleware/ShareErrorsFromSession.php(48): Illuminate/Pipeline/Pipeline->{closure:{closure:Illuminate/Pipeline/Pipeline::carry():194}:195}(Object(Illuminate/Http/Request))
#18 C:/Users/romyl/Downloads/GitUp/09-laravel-beyond-contact-app-romylambrechts/contactapp/vendor/laravel/framework/src/Illuminate/Pipeline/Pipeline.php(219): Illuminate/View/Middleware/ShareErrorsFromSession->handle(Object(Illuminate/Http/Request), Object(Closure))
#19 C:/Users/romyl/Downloads/GitUp/09-laravel-beyond-contact-app-romylambrechts/contactapp/vendor/laravel/framework/src/Illuminate/Session/Middleware/StartSession.php(120): Illuminate/Pipeline/Pipeline->{closure:{closure:Illuminate/Pipeline/Pipeline::carry():194}:195}(Object(Illuminate/Http/Request))
#20 C:/Users/romyl/Downloads/GitUp/09-laravel-beyond-contact-app-romylambrechts/contactapp/vendor/laravel/framework/src/Illuminate/Session/Middleware/StartSession.php(63): Illuminate/Session/Middleware/StartSession->handleStatefulRequest(Object(Illuminate/Http/Request), Object(Illuminate/Session/Store), Object(Closure))
#21 C:/Users/romyl/Downloads/GitUp/09-laravel-beyond-contact-app-romylambrechts/contactapp/vendor/laravel/framework/src/Illuminate/Pipeline/Pipeline.php(219): Illuminate/Session/Middleware/StartSession->handle(Object(Illuminate/Http/Request), Object(Closure))
#22 C:/Users/romyl/Downloads/GitUp/09-laravel-beyond-contact-app-romylambrechts/contactapp/vendor/laravel/framework/src/Illuminate/Cookie/Middleware/AddQueuedCookiesToResponse.php(36): Illuminate/Pipeline/Pipeline->{closure:{closure:Illuminate/Pipeline/Pipeline::carry():194}:195}(Object(Illuminate/Http/Request))
#23 C:/Users/romyl/Downloads/GitUp/09-laravel-beyond-contact-app-romylambrechts/contactapp/vendor/laravel/framework/src/Illuminate/Pipeline/Pipeline.php(219): Illuminate/Cookie/Middleware/AddQueuedCookiesToResponse->handle(Object(Illuminate/Http/Request), Object(Closure))
#24 C:/Users/romyl/Downloads/GitUp/09-laravel-beyond-contact-app-romylambrechts/contactapp/vendor/laravel/framework/src/Illuminate/Cookie/Middleware/EncryptCookies.php(74): Illuminate/Pipeline/Pipeline->{closure:{closure:Illuminate/Pipeline/Pipeline::carry():194}:195}(Object(Illuminate/Http/Request))
#25 C:/Users/romyl/Downloads/GitUp/09-laravel-beyond-contact-app-romylambrechts/contactapp/vendor/laravel/framework/src/Illuminate/Pipeline/Pipeline.php(219): Illuminate/Cookie/Middleware/EncryptCookies->handle(Object(Illuminate/Http/Request), Object(Closure))
#26 C:/Users/romyl/Downloads/GitUp/09-laravel-beyond-contact-app-romylambrechts/contactapp/vendor/laravel/framework/src/Illuminate/Pipeline/Pipeline.php(137): Illuminate/Pipeline/Pipeline->{closure:{closure:Illuminate/Pipeline/Pipeline::carry():194}:195}(Object(Illuminate/Http/Request))
#27 C:/Users/romyl/Downloads/GitUp/09-laravel-beyond-contact-app-romylambrechts/contactapp/vendor/laravel/framework/src/Illuminate/Routing/Router.php(821): Illuminate/Pipeline/Pipeline->then(Object(Closure))
#28 C:/Users/romyl/Downloads/GitUp/09-laravel-beyond-contact-app-romylambrechts/contactapp/vendor/laravel/framework/src/Illuminate/Routing/Router.php(800): Illuminate/Routing/Router->runRouteWithinStack(Object(Illuminate/Routing/Route), Object(Illuminate/Http/Request))
#29 C:/Users/romyl/Downloads/GitUp/09-laravel-beyond-contact-app-romylambrechts/contactapp/vendor/laravel/framework/src/Illuminate/Routing/Router.php(764): Illuminate/Routing/Router->runRoute(Object(Illuminate/Http/Request), Object(Illuminate/Routing/Route))
#30 C:/Users/romyl/Downloads/GitUp/09-laravel-beyond-contact-app-romylambrechts/contactapp/vendor/laravel/framework/src/Illuminate/Routing/Router.php(753): Illuminate/Routing/Router->dispatchToRoute(Object(Illuminate/Http/Request))
#31 C:/Users/romyl/Downloads/GitUp/09-laravel-beyond-contact-app-romylambrechts/contactapp/vendor/laravel/framework/src/Illuminate/Foundation/Http/Kernel.php(200): Illuminate/Routing/Router->dispatch(Object(Illuminate/Http/Request))
#32 C:/Users/romyl/Downloads/GitUp/09-laravel-beyond-contact-app-romylambrechts/contactapp/vendor/laravel/framework/src/Illuminate/Pipeline/Pipeline.php(180): Illuminate/Foundation/Http/Kernel->{closure:Illuminate/Foundation/Http/Kernel::dispatchToRouter():197}(Object(Illuminate/Http/Request))
#33 C:/Users/romyl/Downloads/GitUp/09-laravel-beyond-contact-app-romylambrechts/contactapp/vendor/laravel/framework/src/Illuminate/Foundation/Http/Middleware/TransformsRequest.php(21): Illuminate/Pipeline/Pipeline->{closure:Illuminate/Pipeline/Pipeline::prepareDestination():178}(Object(Illuminate/Http/Request))
#34 C:/Users/romyl/Downloads/GitUp/09-laravel-beyond-contact-app-romylambrechts/contactapp/vendor/laravel/framework/src/Illuminate/Foundation/Http/Middleware/ConvertEmptyStringsToNull.php(31): Illuminate/Foundation/Http/Middleware/TransformsRequest->handle(Object(Illuminate/Http/Request), Object(Closure))
#35 C:/Users/romyl/Downloads/GitUp/09-laravel-beyond-contact-app-romylambrechts/contactapp/vendor/laravel/framework/src/Illuminate/Pipeline/Pipeline.php(219): Illuminate/Foundation/Http/Middleware/ConvertEmptyStringsToNull->handle(Object(Illuminate/Http/Request), Object(Closure))
#36 C:/Users/romyl/Downloads/GitUp/09-laravel-beyond-contact-app-romylambrechts/contactapp/vendor/laravel/framework/src/Illuminate/Foundation/Http/Middleware/TransformsRequest.php(21): Illuminate/Pipeline/Pipeline->{closure:{closure:Illuminate/Pipeline/Pipeline::carry():194}:195}(Object(Illuminate/Http/Request))
#37 C:/Users/romyl/Downloads/GitUp/09-laravel-beyond-contact-app-romylambrechts/contactapp/vendor/laravel/framework/src/Illuminate/Foundation/Http/Middleware/TrimStrings.php(51): Illuminate/Foundation/Http/Middleware/TransformsRequest->handle(Object(Illuminate/Http/Request), Object(Closure))
#38 C:/Users/romyl/Downloads/GitUp/09-laravel-beyond-contact-app-romylambrechts/contactapp/vendor/laravel/framework/src/Illuminate/Pipeline/Pipeline.php(219): Illuminate/Foundation/Http/Middleware/TrimStrings->handle(Object(Illuminate/Http/Request), Object(Closure))
#39 C:/Users/romyl/Downloads/GitUp/09-laravel-beyond-contact-app-romylambrechts/contactapp/vendor/laravel/framework/src/Illuminate/Http/Middleware/ValidatePostSize.php(27): Illuminate/Pipeline/Pipeline->{closure:{closure:Illuminate/Pipeline/Pipeline::carry():194}:195}(Object(Illuminate/Http/Request))
#40 C:/Users/romyl/Downloads/GitUp/09-laravel-beyond-contact-app-romylambrechts/contactapp/vendor/laravel/framework/src/Illuminate/Pipeline/Pipeline.php(219): Illuminate/Http/Middleware/ValidatePostSize->handle(Object(Illuminate/Http/Request), Object(Closure))
#41 C:/Users/romyl/Downloads/GitUp/09-laravel-beyond-contact-app-romylambrechts/contactapp/vendor/laravel/framework/src/Illuminate/Foundation/Http/Middleware/PreventRequestsDuringMaintenance.php(109): Illuminate/Pipeline/Pipeline->{closure:{closure:Illuminate/Pipeline/Pipeline::carry():194}:195}(Object(Illuminate/Http/Request))
#42 C:/Users/romyl/Downloads/GitUp/09-laravel-beyond-contact-app-romylambrechts/contactapp/vendor/laravel/framework/src/Illuminate/Pipeline/Pipeline.php(219): Illuminate/Foundation/Http/Middleware/PreventRequestsDuringMaintenance->handle(Object(Illuminate/Http/Request), Object(Closure))
#43 C:/Users/romyl/Downloads/GitUp/09-laravel-beyond-contact-app-romylambrechts/contactapp/vendor/laravel/framework/src/Illuminate/Http/Middleware/HandleCors.php(61): Illuminate/Pipeline/Pipeline->{closure:{closure:Illuminate/Pipeline/Pipeline::carry():194}:195}(Object(Illuminate/Http/Request))
#44 C:/Users/romyl/Downloads/GitUp/09-laravel-beyond-contact-app-romylambrechts/contactapp/vendor/laravel/framework/src/Illuminate/Pipeline/Pipeline.php(219): Illuminate/Http/Middleware/HandleCors->handle(Object(Illuminate/Http/Request), Object(Closure))
#45 C:/Users/romyl/Downloads/GitUp/09-laravel-beyond-contact-app-romylambrechts/contactapp/vendor/laravel/framework/src/Illuminate/Http/Middleware/TrustProxies.php(58): Illuminate/Pipeline/Pipeline->{closure:{closure:Illuminate/Pipeline/Pipeline::carry():194}:195}(Object(Illuminate/Http/Request))
#46 C:/Users/romyl/Downloads/GitUp/09-laravel-beyond-contact-app-romylambrechts/contactapp/vendor/laravel/framework/src/Illuminate/Pipeline/Pipeline.php(219): Illuminate/Http/Middleware/TrustProxies->handle(Object(Illuminate/Http/Request), Object(Closure))
#47 C:/Users/romyl/Downloads/GitUp/09-laravel-beyond-contact-app-romylambrechts/contactapp/vendor/laravel/framework/src/Illuminate/Foundation/Http/Middleware/InvokeDeferredCallbacks.php(22): Illuminate/Pipeline/Pipeline->{closure:{closure:Illuminate/Pipeline/Pipeline::carry():194}:195}(Object(Illuminate/Http/Request))
#48 C:/Users/romyl/Downloads/GitUp/09-laravel-beyond-contact-app-romylambrechts/contactapp/vendor/laravel/framework/src/Illuminate/Pipeline/Pipeline.php(219): Illuminate/Foundation/Http/Middleware/InvokeDeferredCallbacks->handle(Object(Illuminate/Http/Request), Object(Closure))
#49 C:/Users/romyl/Downloads/GitUp/09-laravel-beyond-contact-app-romylambrechts/contactapp/vendor/laravel/framework/src/Illuminate/Http/Middleware/ValidatePathEncoding.php(28): Illuminate/Pipeline/Pipeline->{closure:{closure:Illuminate/Pipeline/Pipeline::carry():194}:195}(Object(Illuminate/Http/Request))
#50 C:/Users/romyl/Downloads/GitUp/09-laravel-beyond-contact-app-romylambrechts/contactapp/vendor/laravel/framework/src/Illuminate/Pipeline/Pipeline.php(219): Illuminate/Http/Middleware/ValidatePathEncoding->handle(Object(Illuminate/Http/Request), Object(Closure))
#51 C:/Users/romyl/Downloads/GitUp/09-laravel-beyond-contact-app-romylambrechts/contactapp/vendor/laravel/framework/src/Illuminate/Pipeline/Pipeline.php(137): Illuminate/Pipeline/Pipeline->{closure:{closure:Illuminate/Pipeline/Pipeline::carry():194}:195}(Object(Illuminate/Http/Request))
#52 C:/Users/romyl/Downloads/GitUp/09-laravel-beyond-contact-app-romylambrechts/contactapp/vendor/laravel/framework/src/Illuminate/Foundation/Http/Kernel.php(175): Illuminate/Pipeline/Pipeline->then(Object(Closure))
#53 C:/Users/romyl/Downloads/GitUp/09-laravel-beyond-contact-app-romylambrechts/contactapp/vendor/laravel/framework/src/Illuminate/Foundation/Http/Kernel.php(144): Illuminate/Foundation/Http/Kernel->sendRequestThroughRouter(Object(Illuminate/Http/Request))
#54 C:/Users/romyl/Downloads/GitUp/09-laravel-beyond-contact-app-romylambrechts/contactapp/vendor/laravel/framework/src/Illuminate/Foundation/Application.php(1220): Illuminate/Foundation/Http/Kernel->handle(Object(Illuminate/Http/Request))
#55 C:/Users/romyl/Downloads/GitUp/09-laravel-beyond-contact-app-romylambrechts/contactapp/public/index.php(20): Illuminate/Foundation/Application->handleRequest(Object(Illuminate/Http/Request))
#56 C:/Program Files/Herd/resources/app.asar.unpacked/resources/valet/server.php(139): require('C://Users//romyl//...')
#57 {main}

[previous exception] [object] (Illuminate\\View\\ViewException(code: 0): Unable to locate file in Vite manifest: resources/sass/app.scss. (View: C:\\Users\\romyl\\Downloads\\GitUp\\09-laravel-beyond-contact-app-romylambrechts\\contactapp\\resources\\views\\layouts\\app.blade.php) at C:/Users/romyl/Downloads/GitUp/09-laravel-beyond-contact-app-romylambrechts/contactapp/vendor/laravel/framework/src/Illuminate/Foundation/Vite.php:1028)
[stacktrace]
#0 C:/Users/romyl/Downloads/GitUp/09-laravel-beyond-contact-app-romylambrechts/contactapp/vendor/laravel/framework/src/Illuminate/View/Engines/PhpEngine.php(59): Illuminate/View/Engines/CompilerEngine->handleViewException(Object(Illuminate/Foundation/ViteException), 2)
#1 C:/Users/romyl/Downloads/GitUp/09-laravel-beyond-contact-app-romylambrechts/contactapp/vendor/laravel/framework/src/Illuminate/View/Engines/CompilerEngine.php(76): Illuminate/View/Engines/PhpEngine->evaluatePath('C://Users//romyl//...', Array)
#2 C:/Users/romyl/Downloads/GitUp/09-laravel-beyond-contact-app-romylambrechts/contactapp/vendor/laravel/framework/src/Illuminate/View/View.php(208): Illuminate/View/Engines/CompilerEngine->get('C://Users//romyl//...', Array)
#3 C:/Users/romyl/Downloads/GitUp/09-laravel-beyond-contact-app-romylambrechts/contactapp/vendor/laravel/framework/src/Illuminate/View/View.php(191): Illuminate/View/View->getContents()
#4 C:/Users/romyl/Downloads/GitUp/09-laravel-beyond-contact-app-romylambrechts/contactapp/vendor/laravel/framework/src/Illuminate/View/View.php(160): Illuminate/View/View->renderContents()
#5 C:/Users/romyl/Downloads/GitUp/09-laravel-beyond-contact-app-romylambrechts/contactapp/storage/framework/views/33d5b2faef8f6dd6d8a8692c0737c1f9.php(120): Illuminate/View/View->render()
#6 C:/Users/romyl/Downloads/GitUp/09-laravel-beyond-contact-app-romylambrechts/contactapp/vendor/laravel/framework/src/Illuminate/Filesystem/Filesystem.php(123): require('C://Users//romyl//...')
#7 C:/Users/romyl/Downloads/GitUp/09-laravel-beyond-contact-app-romylambrechts/contactapp/vendor/laravel/framework/src/Illuminate/Filesystem/Filesystem.php(124): Illuminate/Filesystem/Filesystem::{closure:Illuminate/Filesystem/Filesystem::getRequire():120}()
#8 C:/Users/romyl/Downloads/GitUp/09-laravel-beyond-contact-app-romylambrechts/contactapp/vendor/laravel/framework/src/Illuminate/View/Engines/PhpEngine.php(57): Illuminate/Filesystem/Filesystem->getRequire('C://Users//romyl//...', Array)
#9 C:/Users/romyl/Downloads/GitUp/09-laravel-beyond-contact-app-romylambrechts/contactapp/vendor/laravel/framework/src/Illuminate/View/Engines/CompilerEngine.php(76): Illuminate/View/Engines/PhpEngine->evaluatePath('C://Users//romyl//...', Array)
#10 C:/Users/romyl/Downloads/GitUp/09-laravel-beyond-contact-app-romylambrechts/contactapp/vendor/laravel/framework/src/Illuminate/View/View.php(208): Illuminate/View/Engines/CompilerEngine->get('C://Users//romyl//...', Array)
#11 C:/Users/romyl/Downloads/GitUp/09-laravel-beyond-contact-app-romylambrechts/contactapp/vendor/laravel/framework/src/Illuminate/View/View.php(191): Illuminate/View/View->getContents()
#12 C:/Users/romyl/Downloads/GitUp/09-laravel-beyond-contact-app-romylambrechts/contactapp/vendor/laravel/framework/src/Illuminate/View/View.php(160): Illuminate/View/View->renderContents()
#13 C:/Users/romyl/Downloads/GitUp/09-laravel-beyond-contact-app-romylambrechts/contactapp/vendor/laravel/framework/src/Illuminate/Http/Response.php(78): Illuminate/View/View->render()
#14 C:/Users/romyl/Downloads/GitUp/09-laravel-beyond-contact-app-romylambrechts/contactapp/vendor/laravel/framework/src/Illuminate/Http/Response.php(34): Illuminate/Http/Response->setContent(Object(Illuminate/View/View))
#15 C:/Users/romyl/Downloads/GitUp/09-laravel-beyond-contact-app-romylambrechts/contactapp/vendor/laravel/framework/src/Illuminate/Routing/Router.php(939): Illuminate/Http/Response->__construct(Object(Illuminate/View/View), 200, Array)
#16 C:/Users/romyl/Downloads/GitUp/09-laravel-beyond-contact-app-romylambrechts/contactapp/vendor/laravel/framework/src/Illuminate/Routing/Router.php(906): Illuminate/Routing/Router::toResponse(Object(Illuminate/Http/Request), Object(Illuminate/View/View))
#17 C:/Users/romyl/Downloads/GitUp/09-laravel-beyond-contact-app-romylambrechts/contactapp/vendor/laravel/framework/src/Illuminate/Routing/Router.php(821): Illuminate/Routing/Router->prepareResponse(Object(Illuminate/Http/Request), Object(Illuminate/View/View))
#18 C:/Users/romyl/Downloads/GitUp/09-laravel-beyond-contact-app-romylambrechts/contactapp/vendor/laravel/framework/src/Illuminate/Pipeline/Pipeline.php(180): Illuminate/Routing/Router->{closure:Illuminate/Routing/Router::runRouteWithinStack():821}(Object(Illuminate/Http/Request))
#19 C:/Users/romyl/Downloads/GitUp/09-laravel-beyond-contact-app-romylambrechts/contactapp/vendor/laravel/framework/src/Illuminate/Auth/Middleware/RedirectIfAuthenticated.php(47): Illuminate/Pipeline/Pipeline->{closure:Illuminate/Pipeline/Pipeline::prepareDestination():178}(Object(Illuminate/Http/Request))
#20 C:/Users/romyl/Downloads/GitUp/09-laravel-beyond-contact-app-romylambrechts/contactapp/vendor/laravel/framework/src/Illuminate/Pipeline/Pipeline.php(219): Illuminate/Auth/Middleware/RedirectIfAuthenticated->handle(Object(Illuminate/Http/Request), Object(Closure))
#21 C:/Users/romyl/Downloads/GitUp/09-laravel-beyond-contact-app-romylambrechts/contactapp/vendor/laravel/framework/src/Illuminate/Routing/Middleware/SubstituteBindings.php(52): Illuminate/Pipeline/Pipeline->{closure:{closure:Illuminate/Pipeline/Pipeline::carry():194}:195}(Object(Illuminate/Http/Request))
#22 C:/Users/romyl/Downloads/GitUp/09-laravel-beyond-contact-app-romylambrechts/contactapp/vendor/laravel/framework/src/Illuminate/Pipeline/Pipeline.php(219): Illuminate/Routing/Middleware/SubstituteBindings->handle(Object(Illuminate/Http/Request), Object(Closure))
#23 C:/Users/romyl/Downloads/GitUp/09-laravel-beyond-contact-app-romylambrechts/contactapp/vendor/laravel/framework/src/Illuminate/Foundation/Http/Middleware/PreventRequestForgery.php(104): Illuminate/Pipeline/Pipeline->{closure:{closure:Illuminate/Pipeline/Pipeline::carry():194}:195}(Object(Illuminate/Http/Request))
#24 C:/Users/romyl/Downloads/GitUp/09-laravel-beyond-contact-app-romylambrechts/contactapp/vendor/laravel/framework/src/Illuminate/Pipeline/Pipeline.php(219): Illuminate/Foundation/Http/Middleware/PreventRequestForgery->handle(Object(Illuminate/Http/Request), Object(Closure))
#25 C:/Users/romyl/Downloads/GitUp/09-laravel-beyond-contact-app-romylambrechts/contactapp/vendor/laravel/framework/src/Illuminate/View/Middleware/ShareErrorsFromSession.php(48): Illuminate/Pipeline/Pipeline->{closure:{closure:Illuminate/Pipeline/Pipeline::carry():194}:195}(Object(Illuminate/Http/Request))
#26 C:/Users/romyl/Downloads/GitUp/09-laravel-beyond-contact-app-romylambrechts/contactapp/vendor/laravel/framework/src/Illuminate/Pipeline/Pipeline.php(219): Illuminate/View/Middleware/ShareErrorsFromSession->handle(Object(Illuminate/Http/Request), Object(Closure))
#27 C:/Users/romyl/Downloads/GitUp/09-laravel-beyond-contact-app-romylambrechts/contactapp/vendor/laravel/framework/src/Illuminate/Session/Middleware/StartSession.php(120): Illuminate/Pipeline/Pipeline->{closure:{closure:Illuminate/Pipeline/Pipeline::carry():194}:195}(Object(Illuminate/Http/Request))
#28 C:/Users/romyl/Downloads/GitUp/09-laravel-beyond-contact-app-romylambrechts/contactapp/vendor/laravel/framework/src/Illuminate/Session/Middleware/StartSession.php(63): Illuminate/Session/Middleware/StartSession->handleStatefulRequest(Object(Illuminate/Http/Request), Object(Illuminate/Session/Store), Object(Closure))
#29 C:/Users/romyl/Downloads/GitUp/09-laravel-beyond-contact-app-romylambrechts/contactapp/vendor/laravel/framework/src/Illuminate/Pipeline/Pipeline.php(219): Illuminate/Session/Middleware/StartSession->handle(Object(Illuminate/Http/Request), Object(Closure))
#30 C:/Users/romyl/Downloads/GitUp/09-laravel-beyond-contact-app-romylambrechts/contactapp/vendor/laravel/framework/src/Illuminate/Cookie/Middleware/AddQueuedCookiesToResponse.php(36): Illuminate/Pipeline/Pipeline->{closure:{closure:Illuminate/Pipeline/Pipeline::carry():194}:195}(Object(Illuminate/Http/Request))
#31 C:/Users/romyl/Downloads/GitUp/09-laravel-beyond-contact-app-romylambrechts/contactapp/vendor/laravel/framework/src/Illuminate/Pipeline/Pipeline.php(219): Illuminate/Cookie/Middleware/AddQueuedCookiesToResponse->handle(Object(Illuminate/Http/Request), Object(Closure))
#32 C:/Users/romyl/Downloads/GitUp/09-laravel-beyond-contact-app-romylambrechts/contactapp/vendor/laravel/framework/src/Illuminate/Cookie/Middleware/EncryptCookies.php(74): Illuminate/Pipeline/Pipeline->{closure:{closure:Illuminate/Pipeline/Pipeline::carry():194}:195}(Object(Illuminate/Http/Request))
#33 C:/Users/romyl/Downloads/GitUp/09-laravel-beyond-contact-app-romylambrechts/contactapp/vendor/laravel/framework/src/Illuminate/Pipeline/Pipeline.php(219): Illuminate/Cookie/Middleware/EncryptCookies->handle(Object(Illuminate/Http/Request), Object(Closure))
#34 C:/Users/romyl/Downloads/GitUp/09-laravel-beyond-contact-app-romylambrechts/contactapp/vendor/laravel/framework/src/Illuminate/Pipeline/Pipeline.php(137): Illuminate/Pipeline/Pipeline->{closure:{closure:Illuminate/Pipeline/Pipeline::carry():194}:195}(Object(Illuminate/Http/Request))
#35 C:/Users/romyl/Downloads/GitUp/09-laravel-beyond-contact-app-romylambrechts/contactapp/vendor/laravel/framework/src/Illuminate/Routing/Router.php(821): Illuminate/Pipeline/Pipeline->then(Object(Closure))
#36 C:/Users/romyl/Downloads/GitUp/09-laravel-beyond-contact-app-romylambrechts/contactapp/vendor/laravel/framework/src/Illuminate/Routing/Router.php(800): Illuminate/Routing/Router->runRouteWithinStack(Object(Illuminate/Routing/Route), Object(Illuminate/Http/Request))
#37 C:/Users/romyl/Downloads/GitUp/09-laravel-beyond-contact-app-romylambrechts/contactapp/vendor/laravel/framework/src/Illuminate/Routing/Router.php(764): Illuminate/Routing/Router->runRoute(Object(Illuminate/Http/Request), Object(Illuminate/Routing/Route))
#38 C:/Users/romyl/Downloads/GitUp/09-laravel-beyond-contact-app-romylambrechts/contactapp/vendor/laravel/framework/src/Illuminate/Routing/Router.php(753): Illuminate/Routing/Router->dispatchToRoute(Object(Illuminate/Http/Request))
#39 C:/Users/romyl/Downloads/GitUp/09-laravel-beyond-contact-app-romylambrechts/contactapp/vendor/laravel/framework/src/Illuminate/Foundation/Http/Kernel.php(200): Illuminate/Routing/Router->dispatch(Object(Illuminate/Http/Request))
#40 C:/Users/romyl/Downloads/GitUp/09-laravel-beyond-contact-app-romylambrechts/contactapp/vendor/laravel/framework/src/Illuminate/Pipeline/Pipeline.php(180): Illuminate/Foundation/Http/Kernel->{closure:Illuminate/Foundation/Http/Kernel::dispatchToRouter():197}(Object(Illuminate/Http/Request))
#41 C:/Users/romyl/Downloads/GitUp/09-laravel-beyond-contact-app-romylambrechts/contactapp/vendor/laravel/framework/src/Illuminate/Foundation/Http/Middleware/TransformsRequest.php(21): Illuminate/Pipeline/Pipeline->{closure:Illuminate/Pipeline/Pipeline::prepareDestination():178}(Object(Illuminate/Http/Request))
#42 C:/Users/romyl/Downloads/GitUp/09-laravel-beyond-contact-app-romylambrechts/contactapp/vendor/laravel/framework/src/Illuminate/Foundation/Http/Middleware/ConvertEmptyStringsToNull.php(31): Illuminate/Foundation/Http/Middleware/TransformsRequest->handle(Object(Illuminate/Http/Request), Object(Closure))
#43 C:/Users/romyl/Downloads/GitUp/09-laravel-beyond-contact-app-romylambrechts/contactapp/vendor/laravel/framework/src/Illuminate/Pipeline/Pipeline.php(219): Illuminate/Foundation/Http/Middleware/ConvertEmptyStringsToNull->handle(Object(Illuminate/Http/Request), Object(Closure))
#44 C:/Users/romyl/Downloads/GitUp/09-laravel-beyond-contact-app-romylambrechts/contactapp/vendor/laravel/framework/src/Illuminate/Foundation/Http/Middleware/TransformsRequest.php(21): Illuminate/Pipeline/Pipeline->{closure:{closure:Illuminate/Pipeline/Pipeline::carry():194}:195}(Object(Illuminate/Http/Request))
#45 C:/Users/romyl/Downloads/GitUp/09-laravel-beyond-contact-app-romylambrechts/contactapp/vendor/laravel/framework/src/Illuminate/Foundation/Http/Middleware/TrimStrings.php(51): Illuminate/Foundation/Http/Middleware/TransformsRequest->handle(Object(Illuminate/Http/Request), Object(Closure))
#46 C:/Users/romyl/Downloads/GitUp/09-laravel-beyond-contact-app-romylambrechts/contactapp/vendor/laravel/framework/src/Illuminate/Pipeline/Pipeline.php(219): Illuminate/Foundation/Http/Middleware/TrimStrings->handle(Object(Illuminate/Http/Request), Object(Closure))
#47 C:/Users/romyl/Downloads/GitUp/09-laravel-beyond-contact-app-romylambrechts/contactapp/vendor/laravel/framework/src/Illuminate/Http/Middleware/ValidatePostSize.php(27): Illuminate/Pipeline/Pipeline->{closure:{closure:Illuminate/Pipeline/Pipeline::carry():194}:195}(Object(Illuminate/Http/Request))
#48 C:/Users/romyl/Downloads/GitUp/09-laravel-beyond-contact-app-romylambrechts/contactapp/vendor/laravel/framework/src/Illuminate/Pipeline/Pipeline.php(219): Illuminate/Http/Middleware/ValidatePostSize->handle(Object(Illuminate/Http/Request), Object(Closure))
#49 C:/Users/romyl/Downloads/GitUp/09-laravel-beyond-contact-app-romylambrechts/contactapp/vendor/laravel/framework/src/Illuminate/Foundation/Http/Middleware/PreventRequestsDuringMaintenance.php(109): Illuminate/Pipeline/Pipeline->{closure:{closure:Illuminate/Pipeline/Pipeline::carry():194}:195}(Object(Illuminate/Http/Request))
#50 C:/Users/romyl/Downloads/GitUp/09-laravel-beyond-contact-app-romylambrechts/contactapp/vendor/laravel/framework/src/Illuminate/Pipeline/Pipeline.php(219): Illuminate/Foundation/Http/Middleware/PreventRequestsDuringMaintenance->handle(Object(Illuminate/Http/Request), Object(Closure))
#51 C:/Users/romyl/Downloads/GitUp/09-laravel-beyond-contact-app-romylambrechts/contactapp/vendor/laravel/framework/src/Illuminate/Http/Middleware/HandleCors.php(61): Illuminate/Pipeline/Pipeline->{closure:{closure:Illuminate/Pipeline/Pipeline::carry():194}:195}(Object(Illuminate/Http/Request))
#52 C:/Users/romyl/Downloads/GitUp/09-laravel-beyond-contact-app-romylambrechts/contactapp/vendor/laravel/framework/src/Illuminate/Pipeline/Pipeline.php(219): Illuminate/Http/Middleware/HandleCors->handle(Object(Illuminate/Http/Request), Object(Closure))
#53 C:/Users/romyl/Downloads/GitUp/09-laravel-beyond-contact-app-romylambrechts/contactapp/vendor/laravel/framework/src/Illuminate/Http/Middleware/TrustProxies.php(58): Illuminate/Pipeline/Pipeline->{closure:{closure:Illuminate/Pipeline/Pipeline::carry():194}:195}(Object(Illuminate/Http/Request))
#54 C:/Users/romyl/Downloads/GitUp/09-laravel-beyond-contact-app-romylambrechts/contactapp/vendor/laravel/framework/src/Illuminate/Pipeline/Pipeline.php(219): Illuminate/Http/Middleware/TrustProxies->handle(Object(Illuminate/Http/Request), Object(Closure))
#55 C:/Users/romyl/Downloads/GitUp/09-laravel-beyond-contact-app-romylambrechts/contactapp/vendor/laravel/framework/src/Illuminate/Foundation/Http/Middleware/InvokeDeferredCallbacks.php(22): Illuminate/Pipeline/Pipeline->{closure:{closure:Illuminate/Pipeline/Pipeline::carry():194}:195}(Object(Illuminate/Http/Request))
#56 C:/Users/romyl/Downloads/GitUp/09-laravel-beyond-contact-app-romylambrechts/contactapp/vendor/laravel/framework/src/Illuminate/Pipeline/Pipeline.php(219): Illuminate/Foundation/Http/Middleware/InvokeDeferredCallbacks->handle(Object(Illuminate/Http/Request), Object(Closure))
#57 C:/Users/romyl/Downloads/GitUp/09-laravel-beyond-contact-app-romylambrechts/contactapp/vendor/laravel/framework/src/Illuminate/Http/Middleware/ValidatePathEncoding.php(28): Illuminate/Pipeline/Pipeline->{closure:{closure:Illuminate/Pipeline/Pipeline::carry():194}:195}(Object(Illuminate/Http/Request))
#58 C:/Users/romyl/Downloads/GitUp/09-laravel-beyond-contact-app-romylambrechts/contactapp/vendor/laravel/framework/src/Illuminate/Pipeline/Pipeline.php(219): Illuminate/Http/Middleware/ValidatePathEncoding->handle(Object(Illuminate/Http/Request), Object(Closure))
#59 C:/Users/romyl/Downloads/GitUp/09-laravel-beyond-contact-app-romylambrechts/contactapp/vendor/laravel/framework/src/Illuminate/Pipeline/Pipeline.php(137): Illuminate/Pipeline/Pipeline->{closure:{closure:Illuminate/Pipeline/Pipeline::carry():194}:195}(Object(Illuminate/Http/Request))
#60 C:/Users/romyl/Downloads/GitUp/09-laravel-beyond-contact-app-romylambrechts/contactapp/vendor/laravel/framework/src/Illuminate/Foundation/Http/Kernel.php(175): Illuminate/Pipeline/Pipeline->then(Object(Closure))
#61 C:/Users/romyl/Downloads/GitUp/09-laravel-beyond-contact-app-romylambrechts/contactapp/vendor/laravel/framework/src/Illuminate/Foundation/Http/Kernel.php(144): Illuminate/Foundation/Http/Kernel->sendRequestThroughRouter(Object(Illuminate/Http/Request))
#62 C:/Users/romyl/Downloads/GitUp/09-laravel-beyond-contact-app-romylambrechts/contactapp/vendor/laravel/framework/src/Illuminate/Foundation/Application.php(1220): Illuminate/Foundation/Http/Kernel->handle(Object(Illuminate/Http/Request))
#63 C:/Users/romyl/Downloads/GitUp/09-laravel-beyond-contact-app-romylambrechts/contactapp/public/index.php(20): Illuminate/Foundation/Application->handleRequest(Object(Illuminate/Http/Request))
#64 C:/Program Files/Herd/resources/app.asar.unpacked/resources/valet/server.php(139): require('C://Users//romyl//...')
#65 {main}

[previous exception] [object] (Illuminate\\Foundation\\ViteException(code: 0): Unable to locate file in Vite manifest: resources/sass/app.scss. at C:/Users/romyl/Downloads/GitUp/09-laravel-beyond-contact-app-romylambrechts/contactapp/vendor/laravel/framework/src/Illuminate/Foundation/Vite.php:1028)
[stacktrace]
#0 C:/Users/romyl/Downloads/GitUp/09-laravel-beyond-contact-app-romylambrechts/contactapp/vendor/laravel/framework/src/Illuminate/Foundation/Vite.php(390): Illuminate/Foundation/Vite->chunk(Array, 'resources/sass/...')
#1 C:/Users/romyl/Downloads/GitUp/09-laravel-beyond-contact-app-romylambrechts/contactapp/storage/framework/views/d4987270b3ef3be62694efc00f3ecd04.php(17): Illuminate/Foundation/Vite->__invoke(Object(Illuminate/Support/Collection))
#2 C:/Users/romyl/Downloads/GitUp/09-laravel-beyond-contact-app-romylambrechts/contactapp/vendor/laravel/framework/src/Illuminate/Filesystem/Filesystem.php(123): require('C://Users//romyl//...')
#3 C:/Users/romyl/Downloads/GitUp/09-laravel-beyond-contact-app-romylambrechts/contactapp/vendor/laravel/framework/src/Illuminate/Filesystem/Filesystem.php(124): Illuminate/Filesystem/Filesystem::{closure:Illuminate/Filesystem/Filesystem::getRequire():120}()
#4 C:/Users/romyl/Downloads/GitUp/09-laravel-beyond-contact-app-romylambrechts/contactapp/vendor/laravel/framework/src/Illuminate/View/Engines/PhpEngine.php(57): Illuminate/Filesystem/Filesystem->getRequire('C://Users//romyl//...', Array)
#5 C:/Users/romyl/Downloads/GitUp/09-laravel-beyond-contact-app-romylambrechts/contactapp/vendor/laravel/framework/src/Illuminate/View/Engines/CompilerEngine.php(76): Illuminate/View/Engines/PhpEngine->evaluatePath('C://Users//romyl//...', Array)
#6 C:/Users/romyl/Downloads/GitUp/09-laravel-beyond-contact-app-romylambrechts/contactapp/vendor/laravel/framework/src/Illuminate/View/View.php(208): Illuminate/View/Engines/CompilerEngine->get('C://Users//romyl//...', Array)
#7 C:/Users/romyl/Downloads/GitUp/09-laravel-beyond-contact-app-romylambrechts/contactapp/vendor/laravel/framework/src/Illuminate/View/View.php(191): Illuminate/View/View->getContents()
#8 C:/Users/romyl/Downloads/GitUp/09-laravel-beyond-contact-app-romylambrechts/contactapp/vendor/laravel/framework/src/Illuminate/View/View.php(160): Illuminate/View/View->renderContents()
#9 C:/Users/romyl/Downloads/GitUp/09-laravel-beyond-contact-app-romylambrechts/contactapp/storage/framework/views/33d5b2faef8f6dd6d8a8692c0737c1f9.php(120): Illuminate/View/View->render()
#10 C:/Users/romyl/Downloads/GitUp/09-laravel-beyond-contact-app-romylambrechts/contactapp/vendor/laravel/framework/src/Illuminate/Filesystem/Filesystem.php(123): require('C://Users//romyl//...')
#11 C:/Users/romyl/Downloads/GitUp/09-laravel-beyond-contact-app-romylambrechts/contactapp/vendor/laravel/framework/src/Illuminate/Filesystem/Filesystem.php(124): Illuminate/Filesystem/Filesystem::{closure:Illuminate/Filesystem/Filesystem::getRequire():120}()
#12 C:/Users/romyl/Downloads/GitUp/09-laravel-beyond-contact-app-romylambrechts/contactapp/vendor/laravel/framework/src/Illuminate/View/Engines/PhpEngine.php(57): Illuminate/Filesystem/Filesystem->getRequire('C://Users//romyl//...', Array)
#13 C:/Users/romyl/Downloads/GitUp/09-laravel-beyond-contact-app-romylambrechts/contactapp/vendor/laravel/framework/src/Illuminate/View/Engines/CompilerEngine.php(76): Illuminate/View/Engines/PhpEngine->evaluatePath('C://Users//romyl//...', Array)
#14 C:/Users/romyl/Downloads/GitUp/09-laravel-beyond-contact-app-romylambrechts/contactapp/vendor/laravel/framework/src/Illuminate/View/View.php(208): Illuminate/View/Engines/CompilerEngine->get('C://Users//romyl//...', Array)
#15 C:/Users/romyl/Downloads/GitUp/09-laravel-beyond-contact-app-romylambrechts/contactapp/vendor/laravel/framework/src/Illuminate/View/View.php(191): Illuminate/View/View->getContents()
#16 C:/Users/romyl/Downloads/GitUp/09-laravel-beyond-contact-app-romylambrechts/contactapp/vendor/laravel/framework/src/Illuminate/View/View.php(160): Illuminate/View/View->renderContents()
#17 C:/Users/romyl/Downloads/GitUp/09-laravel-beyond-contact-app-romylambrechts/contactapp/vendor/laravel/framework/src/Illuminate/Http/Response.php(78): Illuminate/View/View->render()
#18 C:/Users/romyl/Downloads/GitUp/09-laravel-beyond-contact-app-romylambrechts/contactapp/vendor/laravel/framework/src/Illuminate/Http/Response.php(34): Illuminate/Http/Response->setContent(Object(Illuminate/View/View))
#19 C:/Users/romyl/Downloads/GitUp/09-laravel-beyond-contact-app-romylambrechts/contactapp/vendor/laravel/framework/src/Illuminate/Routing/Router.php(939): Illuminate/Http/Response->__construct(Object(Illuminate/View/View), 200, Array)
#20 C:/Users/romyl/Downloads/GitUp/09-laravel-beyond-contact-app-romylambrechts/contactapp/vendor/laravel/framework/src/Illuminate/Routing/Router.php(906): Illuminate/Routing/Router::toResponse(Object(Illuminate/Http/Request), Object(Illuminate/View/View))
#21 C:/Users/romyl/Downloads/GitUp/09-laravel-beyond-contact-app-romylambrechts/contactapp/vendor/laravel/framework/src/Illuminate/Routing/Router.php(821): Illuminate/Routing/Router->prepareResponse(Object(Illuminate/Http/Request), Object(Illuminate/View/View))
#22 C:/Users/romyl/Downloads/GitUp/09-laravel-beyond-contact-app-romylambrechts/contactapp/vendor/laravel/framework/src/Illuminate/Pipeline/Pipeline.php(180): Illuminate/Routing/Router->{closure:Illuminate/Routing/Router::runRouteWithinStack():821}(Object(Illuminate/Http/Request))
#23 C:/Users/romyl/Downloads/GitUp/09-laravel-beyond-contact-app-romylambrechts/contactapp/vendor/laravel/framework/src/Illuminate/Auth/Middleware/RedirectIfAuthenticated.php(47): Illuminate/Pipeline/Pipeline->{closure:Illuminate/Pipeline/Pipeline::prepareDestination():178}(Object(Illuminate/Http/Request))
#24 C:/Users/romyl/Downloads/GitUp/09-laravel-beyond-contact-app-romylambrechts/contactapp/vendor/laravel/framework/src/Illuminate/Pipeline/Pipeline.php(219): Illuminate/Auth/Middleware/RedirectIfAuthenticated->handle(Object(Illuminate/Http/Request), Object(Closure))
#25 C:/Users/romyl/Downloads/GitUp/09-laravel-beyond-contact-app-romylambrechts/contactapp/vendor/laravel/framework/src/Illuminate/Routing/Middleware/SubstituteBindings.php(52): Illuminate/Pipeline/Pipeline->{closure:{closure:Illuminate/Pipeline/Pipeline::carry():194}:195}(Object(Illuminate/Http/Request))
#26 C:/Users/romyl/Downloads/GitUp/09-laravel-beyond-contact-app-romylambrechts/contactapp/vendor/laravel/framework/src/Illuminate/Pipeline/Pipeline.php(219): Illuminate/Routing/Middleware/SubstituteBindings->handle(Object(Illuminate/Http/Request), Object(Closure))
#27 C:/Users/romyl/Downloads/GitUp/09-laravel-beyond-contact-app-romylambrechts/contactapp/vendor/laravel/framework/src/Illuminate/Foundation/Http/Middleware/PreventRequestForgery.php(104): Illuminate/Pipeline/Pipeline->{closure:{closure:Illuminate/Pipeline/Pipeline::carry():194}:195}(Object(Illuminate/Http/Request))
#28 C:/Users/romyl/Downloads/GitUp/09-laravel-beyond-contact-app-romylambrechts/contactapp/vendor/laravel/framework/src/Illuminate/Pipeline/Pipeline.php(219): Illuminate/Foundation/Http/Middleware/PreventRequestForgery->handle(Object(Illuminate/Http/Request), Object(Closure))
#29 C:/Users/romyl/Downloads/GitUp/09-laravel-beyond-contact-app-romylambrechts/contactapp/vendor/laravel/framework/src/Illuminate/View/Middleware/ShareErrorsFromSession.php(48): Illuminate/Pipeline/Pipeline->{closure:{closure:Illuminate/Pipeline/Pipeline::carry():194}:195}(Object(Illuminate/Http/Request))
#30 C:/Users/romyl/Downloads/GitUp/09-laravel-beyond-contact-app-romylambrechts/contactapp/vendor/laravel/framework/src/Illuminate/Pipeline/Pipeline.php(219): Illuminate/View/Middleware/ShareErrorsFromSession->handle(Object(Illuminate/Http/Request), Object(Closure))
#31 C:/Users/romyl/Downloads/GitUp/09-laravel-beyond-contact-app-romylambrechts/contactapp/vendor/laravel/framework/src/Illuminate/Session/Middleware/StartSession.php(120): Illuminate/Pipeline/Pipeline->{closure:{closure:Illuminate/Pipeline/Pipeline::carry():194}:195}(Object(Illuminate/Http/Request))
#32 C:/Users/romyl/Downloads/GitUp/09-laravel-beyond-contact-app-romylambrechts/contactapp/vendor/laravel/framework/src/Illuminate/Session/Middleware/StartSession.php(63): Illuminate/Session/Middleware/StartSession->handleStatefulRequest(Object(Illuminate/Http/Request), Object(Illuminate/Session/Store), Object(Closure))
#33 C:/Users/romyl/Downloads/GitUp/09-laravel-beyond-contact-app-romylambrechts/contactapp/vendor/laravel/framework/src/Illuminate/Pipeline/Pipeline.php(219): Illuminate/Session/Middleware/StartSession->handle(Object(Illuminate/Http/Request), Object(Closure))
#34 C:/Users/romyl/Downloads/GitUp/09-laravel-beyond-contact-app-romylambrechts/contactapp/vendor/laravel/framework/src/Illuminate/Cookie/Middleware/AddQueuedCookiesToResponse.php(36): Illuminate/Pipeline/Pipeline->{closure:{closure:Illuminate/Pipeline/Pipeline::carry():194}:195}(Object(Illuminate/Http/Request))
#35 C:/Users/romyl/Downloads/GitUp/09-laravel-beyond-contact-app-romylambrechts/contactapp/vendor/laravel/framework/src/Illuminate/Pipeline/Pipeline.php(219): Illuminate/Cookie/Middleware/AddQueuedCookiesToResponse->handle(Object(Illuminate/Http/Request), Object(Closure))
#36 C:/Users/romyl/Downloads/GitUp/09-laravel-beyond-contact-app-romylambrechts/contactapp/vendor/laravel/framework/src/Illuminate/Cookie/Middleware/EncryptCookies.php(74): Illuminate/Pipeline/Pipeline->{closure:{closure:Illuminate/Pipeline/Pipeline::carry():194}:195}(Object(Illuminate/Http/Request))
#37 C:/Users/romyl/Downloads/GitUp/09-laravel-beyond-contact-app-romylambrechts/contactapp/vendor/laravel/framework/src/Illuminate/Pipeline/Pipeline.php(219): Illuminate/Cookie/Middleware/EncryptCookies->handle(Object(Illuminate/Http/Request), Object(Closure))
#38 C:/Users/romyl/Downloads/GitUp/09-laravel-beyond-contact-app-romylambrechts/contactapp/vendor/laravel/framework/src/Illuminate/Pipeline/Pipeline.php(137): Illuminate/Pipeline/Pipeline->{closure:{closure:Illuminate/Pipeline/Pipeline::carry():194}:195}(Object(Illuminate/Http/Request))
#39 C:/Users/romyl/Downloads/GitUp/09-laravel-beyond-contact-app-romylambrechts/contactapp/vendor/laravel/framework/src/Illuminate/Routing/Router.php(821): Illuminate/Pipeline/Pipeline->then(Object(Closure))
#40 C:/Users/romyl/Downloads/GitUp/09-laravel-beyond-contact-app-romylambrechts/contactapp/vendor/laravel/framework/src/Illuminate/Routing/Router.php(800): Illuminate/Routing/Router->runRouteWithinStack(Object(Illuminate/Routing/Route), Object(Illuminate/Http/Request))
#41 C:/Users/romyl/Downloads/GitUp/09-laravel-beyond-contact-app-romylambrechts/contactapp/vendor/laravel/framework/src/Illuminate/Routing/Router.php(764): Illuminate/Routing/Router->runRoute(Object(Illuminate/Http/Request), Object(Illuminate/Routing/Route))
#42 C:/Users/romyl/Downloads/GitUp/09-laravel-beyond-contact-app-romylambrechts/contactapp/vendor/laravel/framework/src/Illuminate/Routing/Router.php(753): Illuminate/Routing/Router->dispatchToRoute(Object(Illuminate/Http/Request))
#43 C:/Users/romyl/Downloads/GitUp/09-laravel-beyond-contact-app-romylambrechts/contactapp/vendor/laravel/framework/src/Illuminate/Foundation/Http/Kernel.php(200): Illuminate/Routing/Router->dispatch(Object(Illuminate/Http/Request))
#44 C:/Users/romyl/Downloads/GitUp/09-laravel-beyond-contact-app-romylambrechts/contactapp/vendor/laravel/framework/src/Illuminate/Pipeline/Pipeline.php(180): Illuminate/Foundation/Http/Kernel->{closure:Illuminate/Foundation/Http/Kernel::dispatchToRouter():197}(Object(Illuminate/Http/Request))
#45 C:/Users/romyl/Downloads/GitUp/09-laravel-beyond-contact-app-romylambrechts/contactapp/vendor/laravel/framework/src/Illuminate/Foundation/Http/Middleware/TransformsRequest.php(21): Illuminate/Pipeline/Pipeline->{closure:Illuminate/Pipeline/Pipeline::prepareDestination():178}(Object(Illuminate/Http/Request))
#46 C:/Users/romyl/Downloads/GitUp/09-laravel-beyond-contact-app-romylambrechts/contactapp/vendor/laravel/framework/src/Illuminate/Foundation/Http/Middleware/ConvertEmptyStringsToNull.php(31): Illuminate/Foundation/Http/Middleware/TransformsRequest->handle(Object(Illuminate/Http/Request), Object(Closure))
#47 C:/Users/romyl/Downloads/GitUp/09-laravel-beyond-contact-app-romylambrechts/contactapp/vendor/laravel/framework/src/Illuminate/Pipeline/Pipeline.php(219): Illuminate/Foundation/Http/Middleware/ConvertEmptyStringsToNull->handle(Object(Illuminate/Http/Request), Object(Closure))
#48 C:/Users/romyl/Downloads/GitUp/09-laravel-beyond-contact-app-romylambrechts/contactapp/vendor/laravel/framework/src/Illuminate/Foundation/Http/Middleware/TransformsRequest.php(21): Illuminate/Pipeline/Pipeline->{closure:{closure:Illuminate/Pipeline/Pipeline::carry():194}:195}(Object(Illuminate/Http/Request))
#49 C:/Users/romyl/Downloads/GitUp/09-laravel-beyond-contact-app-romylambrechts/contactapp/vendor/laravel/framework/src/Illuminate/Foundation/Http/Middleware/TrimStrings.php(51): Illuminate/Foundation/Http/Middleware/TransformsRequest->handle(Object(Illuminate/Http/Request), Object(Closure))
#50 C:/Users/romyl/Downloads/GitUp/09-laravel-beyond-contact-app-romylambrechts/contactapp/vendor/laravel/framework/src/Illuminate/Pipeline/Pipeline.php(219): Illuminate/Foundation/Http/Middleware/TrimStrings->handle(Object(Illuminate/Http/Request), Object(Closure))
#51 C:/Users/romyl/Downloads/GitUp/09-laravel-beyond-contact-app-romylambrechts/contactapp/vendor/laravel/framework/src/Illuminate/Http/Middleware/ValidatePostSize.php(27): Illuminate/Pipeline/Pipeline->{closure:{closure:Illuminate/Pipeline/Pipeline::carry():194}:195}(Object(Illuminate/Http/Request))
#52 C:/Users/romyl/Downloads/GitUp/09-laravel-beyond-contact-app-romylambrechts/contactapp/vendor/laravel/framework/src/Illuminate/Pipeline/Pipeline.php(219): Illuminate/Http/Middleware/ValidatePostSize->handle(Object(Illuminate/Http/Request), Object(Closure))
#53 C:/Users/romyl/Downloads/GitUp/09-laravel-beyond-contact-app-romylambrechts/contactapp/vendor/laravel/framework/src/Illuminate/Foundation/Http/Middleware/PreventRequestsDuringMaintenance.php(109): Illuminate/Pipeline/Pipeline->{closure:{closure:Illuminate/Pipeline/Pipeline::carry():194}:195}(Object(Illuminate/Http/Request))
#54 C:/Users/romyl/Downloads/GitUp/09-laravel-beyond-contact-app-romylambrechts/contactapp/vendor/laravel/framework/src/Illuminate/Pipeline/Pipeline.php(219): Illuminate/Foundation/Http/Middleware/PreventRequestsDuringMaintenance->handle(Object(Illuminate/Http/Request), Object(Closure))
#55 C:/Users/romyl/Downloads/GitUp/09-laravel-beyond-contact-app-romylambrechts/contactapp/vendor/laravel/framework/src/Illuminate/Http/Middleware/HandleCors.php(61): Illuminate/Pipeline/Pipeline->{closure:{closure:Illuminate/Pipeline/Pipeline::carry():194}:195}(Object(Illuminate/Http/Request))
#56 C:/Users/romyl/Downloads/GitUp/09-laravel-beyond-contact-app-romylambrechts/contactapp/vendor/laravel/framework/src/Illuminate/Pipeline/Pipeline.php(219): Illuminate/Http/Middleware/HandleCors->handle(Object(Illuminate/Http/Request), Object(Closure))
#57 C:/Users/romyl/Downloads/GitUp/09-laravel-beyond-contact-app-romylambrechts/contactapp/vendor/laravel/framework/src/Illuminate/Http/Middleware/TrustProxies.php(58): Illuminate/Pipeline/Pipeline->{closure:{closure:Illuminate/Pipeline/Pipeline::carry():194}:195}(Object(Illuminate/Http/Request))
#58 C:/Users/romyl/Downloads/GitUp/09-laravel-beyond-contact-app-romylambrechts/contactapp/vendor/laravel/framework/src/Illuminate/Pipeline/Pipeline.php(219): Illuminate/Http/Middleware/TrustProxies->handle(Object(Illuminate/Http/Request), Object(Closure))
#59 C:/Users/romyl/Downloads/GitUp/09-laravel-beyond-contact-app-romylambrechts/contactapp/vendor/laravel/framework/src/Illuminate/Foundation/Http/Middleware/InvokeDeferredCallbacks.php(22): Illuminate/Pipeline/Pipeline->{closure:{closure:Illuminate/Pipeline/Pipeline::carry():194}:195}(Object(Illuminate/Http/Request))
#60 C:/Users/romyl/Downloads/GitUp/09-laravel-beyond-contact-app-romylambrechts/contactapp/vendor/laravel/framework/src/Illuminate/Pipeline/Pipeline.php(219): Illuminate/Foundation/Http/Middleware/InvokeDeferredCallbacks->handle(Object(Illuminate/Http/Request), Object(Closure))
#61 C:/Users/romyl/Downloads/GitUp/09-laravel-beyond-contact-app-romylambrechts/contactapp/vendor/laravel/framework/src/Illuminate/Http/Middleware/ValidatePathEncoding.php(28): Illuminate/Pipeline/Pipeline->{closure:{closure:Illuminate/Pipeline/Pipeline::carry():194}:195}(Object(Illuminate/Http/Request))
#62 C:/Users/romyl/Downloads/GitUp/09-laravel-beyond-contact-app-romylambrechts/contactapp/vendor/laravel/framework/src/Illuminate/Pipeline/Pipeline.php(219): Illuminate/Http/Middleware/ValidatePathEncoding->handle(Object(Illuminate/Http/Request), Object(Closure))
#63 C:/Users/romyl/Downloads/GitUp/09-laravel-beyond-contact-app-romylambrechts/contactapp/vendor/laravel/framework/src/Illuminate/Pipeline/Pipeline.php(137): Illuminate/Pipeline/Pipeline->{closure:{closure:Illuminate/Pipeline/Pipeline::carry():194}:195}(Object(Illuminate/Http/Request))
#64 C:/Users/romyl/Downloads/GitUp/09-laravel-beyond-contact-app-romylambrechts/contactapp/vendor/laravel/framework/src/Illuminate/Foundation/Http/Kernel.php(175): Illuminate/Pipeline/Pipeline->then(Object(Closure))
#65 C:/Users/romyl/Downloads/GitUp/09-laravel-beyond-contact-app-romylambrechts/contactapp/vendor/laravel/framework/src/Illuminate/Foundation/Http/Kernel.php(144): Illuminate/Foundation/Http/Kernel->sendRequestThroughRouter(Object(Illuminate/Http/Request))
#66 C:/Users/romyl/Downloads/GitUp/09-laravel-beyond-contact-app-romylambrechts/contactapp/vendor/laravel/framework/src/Illuminate/Foundation/Application.php(1220): Illuminate/Foundation/Http/Kernel->handle(Object(Illuminate/Http/Request))
#67 C:/Users/romyl/Downloads/GitUp/09-laravel-beyond-contact-app-romylambrechts/contactapp/public/index.php(20): Illuminate/Foundation/Application->handleRequest(Object(Illuminate/Http/Request))
#68 C:/Program Files/Herd/resources/app.asar.unpacked/resources/valet/server.php(139): require('C://Users//romyl//...')
#69 {main}
"} 
